NOMBRE	X	Y	ATTS
LOTEO FINAL	0	0	
A Tee	83632.609	95024.984	NODO=479;DIAM=12x12;
A Tee	83629.85	95021.348	NODO=480;DIAM=12x4;
VCP	83541.415	95563.033	NODO=241B;DIAMETRO=8;
VRP	82934.041	95517.396	NODO=;DIAMETRO=;
VRP	82905.561	95579.146	NODO=;DIAMETRO=;
VCP	82636.182	95719.235	NODO=281;DIAMETRO=8;
VCP	82883.882	95558.73	NODO=230A;DIAMETRO=12;
VCP	82827.384	95631.73	NODO=241B;DIAMETRO=8;
Valvula HIDRANTE	83442.589	95950.687	NODO=171;DIAM=4;
VENTOSA	83425.424	95391.344	
A Tee	83425.419	95391.337	NODO=676;DIAM=6x4;
VENTOSA	83380.738	95232.073	
A Tee	83380.733	95232.067	NODO=677;DIAM=12x4;
VENTOSA	82406.795	95410.546	
A Tee	82406.795	95410.546	NODO=320;DIAM=12x4;
VENTOSA	83179.912	95268.959	
A Tee	83179.918	95268.954	NODO=673;DIAM=12x4;
VALVULA PROY	83077.642	95148.391	NODO=675;DIAMETRO=12;
VALVULA PROY	83112.177	95433.349	NODO=669;DIAMETRO=8;
VENTOSA	82961.138	95345.398	
A Tee	82961.138	95345.398	NODO=672;DIAM=12x4;
VALVULA PROY	82909.129	95378.754	NODO=671;DIAMETRO=6;
VALVULA PROY	82883.119	95387.116	NODO=670;DIAMETRO=6;
VENTOSA	82804.088	95214.126	
A Tee	82804.088	95214.126	NODO=674;DIAM=6x4;
VALVULA PROY	83504.533	95718.514	NODO=67A;DIAMETRO=6;
VENTOSA	83335.302	95536.94	
A Tee	83335.296	95536.94	NODO=667;DIAM=12x4;
VENTOSA	83345.385	95582.39	
A Tee	83345.379	95582.39	NODO=39A;DIAM=8x4;
VENTOSA	83363.573	95784.819	
A Tee	83363.571	95784.813	NODO=665;DIAM=6x4;
_None	82888.126	95930.418	
_None	82877.53	95930.418	
_None	82743.611	95783.357	
VENTOSA	82981.331	95805.534	
A Tee	82981.331	95805.534	NODO=254;DIAM=12x4;
VALVULA PROY	82995.62	95815.35	NODO=256;DIAMETRO=8;
VENTOSA	83098.006	95577.93	
A Tee	83098.006	95577.93	NODO=7A;DIAM=12x4;
VENTOSA	83098.411	95532.456	
A Tee	83098.411	95532.456	NODO=261A;DIAM=12x4;
VALVULA PROY	82893.877	95647.659	NODO=343A;DIAMETRO=6;
VALVULA PROY	82698.477	95743.277	NODO=355A;DIAMETRO=8;
VALVULA PROY	83342.622	95926.428	NODO=659;DIAMETRO=8;
VALVULA PROY	83327.988	95944.435	NODO=658;DIAMETRO=8;
VALVULA PROY	83314.116	95955.354	NODO=657;DIAMETRO=4;
VENTOSA	83422.619	96010.699	
A Tee	83422.614	96010.696	NODO=656;DIAM=8x4;
VALVULA PROY	83420.518	95920.32	NODO=660;DIAMETRO=6;
VALVULA PROY	83586.413	96042.74	NODO=661;DIAMETRO=8;
VALVULA PROY	83584.117	96045.153	NODO=662;DIAMETRO=8;
VALVULA PROY	83587.828	96239.984	NODO=663;DIAMETRO=6;
VENTOSA	83595.355	96247.397	
A Tee	83595.353	96247.392	NODO=664;DIAM=6x4;
A Hidrante	83588.508	95705.82	NODO=70;DIAM=4;
Valvula HIDRANTE	83588.696	95707.7	NODO=69;DIAM=4;
A Hidrante	83143.233	95068.643	NODO=601;DIAM=4;
Valvula HIDRANTE	83144.436	95070.099	NODO=600;DIAM=4;
A Hidrante	83108.442	95213.764	NODO=632;DIAM=4;
Valvula HIDRANTE	83109.645	95215.221	NODO=631;DIAM=4;
A Hidrante	82893.258	95486.161	NODO=365;DIAM=4;
Valvula HIDRANTE	82895.128	95486.426	NODO=364;DIAM=4;
A Hidrante	83630.874	95012.491	NODO=483;DIAM=4;
Valvula HIDRANTE	83629.367	95013.629	NODO=482;DIAM=4;
A Hidrante	83699.125	95221.112	NODO=469;DIAM=4;
Valvula HIDRANTE	83697.236	95221.083	NODO=468;DIAM=4;
A Hidrante	83623.981	95423.879	NODO=453;DIAM=4;
Valvula HIDRANTE	83622.296	95423.026	NODO=452;DIAM=4;
A Hidrante	83337.393	95588.41	NODO=39;DIAM=4;
Valvula HIDRANTE	83337.466	95586.523	NODO=38;DIAM=4;
A Hidrante	83473.047	95590.953	NODO=42;DIAM=4;
Valvula HIDRANTE	83473.12	95589.066	NODO=41;DIAM=4;
A Hidrante	83524.248	95613.239	NODO=54;DIAM=4;
Valvula HIDRANTE	83522.532	95612.451	NODO=53;DIAM=4;
A Hidrante	83516.494	95799.243	NODO=77;DIAM=4;
Valvula HIDRANTE	83518.197	95798.427	NODO=76;DIAM=4;
A Hidrante	83614.799	95846.465	NODO=89;DIAM=4;
Valvula HIDRANTE	83613.634	95847.952	NODO=88;DIAM=4;
A Hidrante	83552.253	95858.795	NODO=98;DIAM=4;
Valvula HIDRANTE	83553.186	95860.437	NODO=97;DIAM=4;
A Hidrante	82957.026	95729.76	NODO=220;DIAM=4;
Valvula HIDRANTE	82955.582	95730.977	NODO=219;DIAM=4;
A Hidrante	83019.299	95806.979	NODO=213;DIAM=4;
Valvula HIDRANTE	83017.855	95808.196	NODO=212;DIAM=4;
A Hidrante	82903.276	95651.561	NODO=225;DIAM=4;
Valvula HIDRANTE	82901.505	95652.218	NODO=224;DIAM=4;
A Hidrante	83476.684	95546.032	NODO=431;DIAM=4;
Valvula HIDRANTE	83476.757	95544.144	NODO=430;DIAM=4;
A Hidrante	83377.705	95543.982	NODO=426;DIAM=4;
Valvula HIDRANTE	83377.778	95542.094	NODO=425;DIAM=4;
A Hidrante	83278.698	95541.947	NODO=420;DIAM=4;
Valvula HIDRANTE	83278.771	95540.06	NODO=419;DIAM=4;
A Hidrante	83179.776	95540.009	NODO=415;DIAM=4;
Valvula HIDRANTE	83179.849	95538.121	NODO=414;DIAM=4;
A Hidrante	83083.786	95538.361	NODO=408;DIAM=4;
Valvula HIDRANTE	83083.859	95536.474	NODO=407;DIAM=4;
A Hidrante	82934.903	95535.775	NODO=402;DIAM=4;
Valvula HIDRANTE	82934.976	95533.888	NODO=401;DIAM=4;
A Hidrante	82931.17	95567.388	NODO=9;DIAM=4;
Valvula HIDRANTE	82931.136	95569.277	NODO=8;DIAM=4;
A Hidrante	82867.273	95562.763	NODO=235;DIAM=4;
Valvula HIDRANTE	82868.908	95563.708	NODO=234;DIAM=4;
A Hidrante	82805.83	95636.289	NODO=240C;DIAM=4;
Valvula HIDRANTE	82807.011	95637.763	NODO=240B;DIAM=4;
A Hidrante	82721.109	95679.614	NODO=270;DIAM=4;
Valvula HIDRANTE	82721.461	95681.47	NODO=269;DIAM=4;
A Hidrante	82291.473	95268.158	NODO=340;DIAM=4;
Valvula HIDRANTE	82290.018	95269.362	NODO=339;DIAM=4;
A Hidrante	82355.165	95341.926	NODO=337;DIAM=4;
Valvula HIDRANTE	82353.71	95343.13	NODO=336;DIAM=4;
A Hidrante	82418.94	95415.67	NODO=334;DIAM=4;
Valvula HIDRANTE	82417.485	95416.875	NODO=333;DIAM=4;
A Hidrante	82482.3	95490.021	NODO=329;DIAM=4;
Valvula HIDRANTE	82480.845	95491.226	NODO=328;DIAM=4;
A Hidrante	82545.038	95564.609	NODO=326;DIAM=4;
Valvula HIDRANTE	82543.583	95565.814	NODO=325;DIAM=4;
A Hidrante	82607.761	95639.284	NODO=323;DIAM=4;
Valvula HIDRANTE	82606.306	95640.489	NODO=322;DIAM=4;
A Hidrante	82670.096	95709.566	NODO=286;DIAM=4;
Valvula HIDRANTE	82668.642	95710.77	NODO=285;DIAM=4;
A Hidrante	82727.779	95782.152	NODO=291;DIAM=4;
Valvula HIDRANTE	82726.324	95783.357	NODO=290;DIAM=4;
A Hidrante	82789.932	95856.611	NODO=294;DIAM=4;
Valvula HIDRANTE	82788.477	95857.816	NODO=293;DIAM=4;
A Hidrante	83081.276	95879.604	NODO=210;DIAM=4;
Valvula HIDRANTE	83079.831	95880.821	NODO=209;DIAM=4;
A Hidrante	83591.434	96151.013	NODO=120;DIAM=4;
Valvula HIDRANTE	83589.545	96151.058	NODO=119;DIAM=4;
A Hidrante	83536.201	96206.685	NODO=142;DIAM=4;
Valvula HIDRANTE	83538.089	96206.623	NODO=141;DIAM=4;
A Hidrante	83596.188	95955.119	NODO=105;DIAM=4;
Valvula HIDRANTE	83594.301	95955.051	NODO=104;DIAM=4;
A Hidrante	83542.181	96029.156	NODO=147;DIAM=4;
Valvula HIDRANTE	83542.113	96031.044	NODO=146;DIAM=4;
A Hidrante	83449.306	95906.631	NODO=178;DIAM=4;
Valvula HIDRANTE	83448.841	95904.8	NODO=177;DIAM=4;
A Hidrante	83444.357	95950.081	NODO=172;DIAM=4;
A Hidrante	83335.152	95936.373	NODO=164;DIAM=4;
Valvula HIDRANTE	83334.683	95934.544	NODO=163;DIAM=4;
A Hidrante	83145.805	95950.629	NODO=205;DIAM=4;
Valvula HIDRANTE	83145.241	95952.431	NODO=204;DIAM=4;
A Hidrante	83166.864	95980.005	NODO=188;DIAM=4;
Valvula HIDRANTE	83166.395	95978.175	NODO=187;DIAM=4;
A Hidrante	83006.304	95992.071	NODO=315;DIAM=4;
Valvula HIDRANTE	83006.772	95993.9	NODO=314;DIAM=4;
A Hidrante	82782.755	95230.359	NODO=378;DIAM=4;
Valvula HIDRANTE	82784.215	95229.162	NODO=377;DIAM=4;
A Hidrante	83617.031	95535.934	NODO=439;DIAM=4;
Valvula HIDRANTE	83617.014	95537.823	NODO=438;DIAM=4;
A Hidrante	83599.055	96241.262	NODO=132;DIAM=4;
Valvula HIDRANTE	83597.393	96242.161	NODO=131;DIAM=4;
A Hidrante	82928.853	96003.629	NODO=310;DIAM=4;
Valvula HIDRANTE	82927.97	96005.298	NODO=309;DIAM=4;
A Hidrante	83593.425	96056.08	NODO=117;DIAM=4;
Valvula HIDRANTE	83591.537	96056.011	NODO=116;DIAM=4;
A Hidrante	82854.269	95929.185	NODO=301;DIAM=4;
Valvula HIDRANTE	82852.814	95930.389	NODO=300;DIAM=4;
A Hidrante	83069.967	95153.947	NODO=592;DIAM=4;
Valvula HIDRANTE	83068.778	95152.479	NODO=591;DIAM=4;
A Hidrante	83047.068	95570.98	NODO=16;DIAM=4;
Valvula HIDRANTE	83047.007	95572.867	NODO=15;DIAM=4;
A Hidrante	83190.506	95573.273	NODO=26;DIAM=4;
Valvula HIDRANTE	83190.433	95575.16	NODO=25;DIAM=4;
A Hidrante	82967.154	95222.959	NODO=582;DIAM=4;
Valvula HIDRANTE	82969.035	95223.136	NODO=581;DIAM=4;
A Hidrante	83126.561	95454.166	NODO=523;DIAM=4;
Valvula HIDRANTE	83125.348	95452.718	NODO=522;DIAM=4;
A Hidrante	83325.773	95475.164	NODO=533;DIAM=4;
Valvula HIDRANTE	83327.642	95475.438	NODO=532;DIAM=4;
A Hidrante	83451.802	95358.862	NODO=540;DIAM=4;
Valvula HIDRANTE	83453.012	95360.312	NODO=539;DIAM=4;
A Hidrante	83570.437	95260.769	NODO=547;DIAM=4;
Valvula HIDRANTE	83571.752	95262.125	NODO=546;DIAM=4;
A Hidrante	83501.983	95705.592	NODO=65;DIAM=4;
Valvula HIDRANTE	83500.096	95705.507	NODO=64;DIAM=4;
A Hidrante	83622.375	95592.376	NODO=46;DIAM=4;
Valvula HIDRANTE	83622.43	95591.273	NODO=45;DIAM=4;
A Hidrante	83569.093	95526.968	NODO=449;DIAM=4;
Valvula HIDRANTE	83567.408	95526.114	NODO=448;DIAM=4;
A Hidrante	83677.23	95322.268	NODO=461;DIAM=4;
Valvula HIDRANTE	83675.486	95321.542	NODO=460;DIAM=4;
A Hidrante	83685.443	95113.2	NODO=477;DIAM=4;
Valvula HIDRANTE	83683.611	95113.658	NODO=476;DIAM=4;
A Hidrante	83593.657	95059.372	NODO=489;DIAM=4;
Valvula HIDRANTE	83592.444	95057.924	NODO=488;DIAM=4;
A Hidrante	83484.78	95151.822	NODO=496;DIAM=4;
Valvula HIDRANTE	83483.567	95150.374	NODO=495;DIAM=4;
A Hidrante	83366.42	95254.344	NODO=506;DIAM=4;
Valvula HIDRANTE	83365.207	95252.896	NODO=505;DIAM=4;
A Hidrante	83235.258	95363.691	NODO=520;DIAM=4;
Valvula HIDRANTE	83234.045	95362.243	NODO=519;DIAM=4;
A Hidrante	83193.391	95294.617	NODO=612;DIAM=4;
Valvula HIDRANTE	83194.827	95293.389	NODO=611;DIAM=4;
A Hidrante	83010.081	95296.726	NODO=570;DIAM=4;
Valvula HIDRANTE	83011.284	95298.182	NODO=569;DIAM=4;
A Hidrante	82923.513	95397.795	NODO=388;DIAM=4;
Valvula HIDRANTE	82921.66	95398.162	NODO=387;DIAM=4;
A Hidrante	82669.072	95683.598	NODO=276;DIAM=4;
Valvula HIDRANTE	82668.424	95685.372	NODO=275;DIAM=4;
A Hidrante	82941.872	95747.997	NODO=252;DIAM=4;
Valvula HIDRANTE	82940.448	95749.237	NODO=251;DIAM=4;
A Tapon	83453.498	95991.904	NODO=655;DIAMETRO=2;
A Buje	83449.046	95992.657	NODO=654;DIAM=4x2;
A Tapon	83507.11	96048.181	NODO=653;DIAMETRO=2;
A Buje	83507.151	96043.026	NODO=652;DIAM=4x2;
A Buje	83534.965	95820.883	NODO=650;DIAM=4x3;
A Tapon	83536.894	95819.862	NODO=651;DIAMETRO=3;
A Buje	83335.678	95641.746	NODO=648;DIAM=4x2;
A Tapon	83338.564	95641.236	NODO=649;DIAMETRO=2;
A Buje	83110.583	95623.402	NODO=646;DIAM=4x2;
A Tapon	83112.735	95623.834	NODO=647;DIAMETRO=2;
A Buje	83279.605	95722.698	NODO=644;DIAM=4x2;
A Tapon	83279.278	95720.801	NODO=645;DIAMETRO=2;
A Buje	83128.85	95725.968	NODO=642;DIAM=4x3;
A Tapon	83130.213	95724.81	NODO=643;DIAMETRO=3;
A Buje	83100.094	95589.85	NODO=640A;DIAM=6x2;
A Tapon	83098.54	95589.513	NODO=641A;DIAMETRO=2;
A Buje	83106.085	95726.9	NODO=638A;DIAM=6x2;
A Tapon	83102.86	95729.622	NODO=639A;DIAMETRO=2;
VENTOSA	83532.02	95817.564	
VENTOSA	83616.721	95861.246	
VENTOSA	83587.983	96029.417	
VENTOSA	82888.648	95614.065	
VENTOSA	83625.739	95587.855	
VENTOSA	83549.543	95212.715	
VENTOSA	83618.437	95542.122	
VENTOSA	83664.212	95334.265	
VENTOSA	83629.85	95021.348	
VENTOSA	83126.803	95090.025	
VENTOSA	82834.571	95618.577	
VENTOSA	82673.089	95723.883	
A Buje	83587.462	96048.446	NODO=112;DIAM=8x6;
A Buje	83064.7	95352.126	NODO=560;DIAM=4x2;
A Buje	83163.171	95531.714	NODO=411A;DIAM=4x2;
A Codo11.25	82416.336	95421.578	NODO=331;DIAMETRO=12;
A Codo11.25	82422.088	95427.305	NODO=330;DIAMETRO=12;
Union	82929.177	95528.896	NODO=2;DIAM=12;
codo 45	82926.434	95527.53	NODO=641;DIAMETRO=12;
codo 45	82922.833	95526.524	NODO=640;DIAMETRO=12;
codo 45	82916.101	95529.783	NODO=638;DIAMETRO=12;
codo 45	82918.503	95526.237	NODO=639;DIAMETRO=12;
Union	82929.186	95518.855	NODO=1;DIAM=12 EMPATE LINEA;
A Buje	82893.6	95643.565	NODO=343;DIAM=8x6;
A Codo22.5	82885.943	95644.588	NODO=344;DIAMETRO=8;
A Tee	82892.915	95641.888	NODO=342;DIAM=8x8;
VALVULA PROY	82872.79	95652.431	NODO=345;DIAMETRO=8;
A Codo11.25	82701.12	95723.437	NODO=355;DIAMETRO=8;
A Codo11.25	82827.688	95656.337	NODO=348;DIAMETRO=8;
A Tee	82836.456	95648.721	NODO=347;DIAM=8x8;
A Codo22.5	82711.735	95707.859	NODO=352;DIAMETRO=8;
A Codo11.25	82706.974	95711.986	NODO=353;DIAMETRO=8;
codo 45	82699.318	95748.123	NODO=356;DIAMETRO=8;
A Codo11.25	82764.025	95691.77	NODO=351;DIAMETRO=8;
A Codo22.5	82702.638	95717.69	NODO=354;DIAMETRO=8;
A Tee	82694.875	95751.836	NODO=357;DIAM=8x8;
A Tee	82863.182	95662.248	NODO=346;DIAM=8x8;
A Codo11.25	82802.561	95672.45	NODO=349;DIAMETRO=8;
A Codo11.25	82780.955	95684.373	NODO=350;DIAMETRO=8;
A Buje	83611.68	95541.999	NODO=436A;DIAM=12x8;
A Buje	83537.69	95585.966	NODO=43A;DIAM=12x8;
A Tapon	82283.87	95268.132	NODO=341;DIAMETRO=12;
CODO90	82929.186	95517.455	NODO=399B;DIAM=12;
CODO90	82929.176	95538.182	NODO=3;DIAM=12;
A Codo22.5	82909.422	95540.509	NODO=3B;DIAMETRO=12;
codo 45	82910.56	95538.071	NODO=3A;DIAMETRO=12;
A Codo11.25	82900.861	95561.129	NODO=4;DIAMETRO=12;
codo 45	82923.389	95574.412	NODO=5A;DIAMETRO=12;
codo 45	82918.696	95579.153	NODO=5;DIAMETRO=12;
CODO90	82929.835	95566.052	NODO=6;DIAM=12;
A Tee	82929.635	95574.636	NODO=10;DIAM=12X12;
A Tee	83616.721	95861.246	NODO=84A;DIAM=6x4;
VALVULA PROY	83147.344	95956.687	NODO=202A;DIAMETRO=6;
VALVULA PROY	83585.351	96034.871	NODO=111;DIAMETRO=8;
VALVULA PROY	83552.275	95870.675	NODO=180;DIAMETRO=8;
VALVULA PROY	83312.252	95947.059	NODO=158A;DIAMETRO=8;
VALVULA PROY	82918.483	96007.098	NODO=303;DIAMETRO=6;
VALVULA PROY	82654.175	95692.687	NODO=278A;DIAMETRO=12;
VALVULA PROY	82921.395	95376.3	NODO=392A;DIAMETRO=12;
VALVULA PROY	83233.715	95328.652	NODO=614A;DIAMETRO=12;
VALVULA PROY	83247.076	95350.551	NODO=516A;DIAMETRO=8;
VALVULA PROY	83490.177	95144.066	NODO=493A;DIAMETRO=8;
VALVULA PROY	83627.799	95026.543	NODO=479A;DIAMETRO=12;
VALVULA PROY	83664.807	95324.508	NODO=458A;DIAMETRO=8;
VALVULA PROY	83523.604	95596.65	NODO=51;DIAMETRO=12;
VALVULA PROY	83560.666	95526.643	NODO=445A;DIAMETRO=12;
VALVULA PROY	83122.871	95528.53	NODO=527A;DIAMETRO=8;
VALVULA PROY	82894.125	95568.26	NODO=229A;DIAMETRO=8;
VALVULA PROY	82911.882	95526.187	NODO=380A;DIAMETRO=8;
A Tee	83618.437	95542.122	NODO=440A;DIAM=8x4;
A Tee	83625.739	95587.855	NODO=44A;DIAM=8x4;
A Tee	83549.543	95212.715	NODO=548A;DIAM=8x4;
A Tee	82888.648	95614.065	NODO=227A;DIAM=8x4;
A Tee	82673.089	95723.883	NODO=287A;DIAM=8x4;
A Tee	82834.571	95618.577	NODO=239A;DIAM=12x4;
A Buje	82898.397	95421.507	NODO=368A;DIAM=4x3;
A Codo22.5	82849.798	95659.839	NODO=243;DIAMETRO=8;
A Codo22.5	82830.259	95633.764	NODO=241A;DIAMETRO=8;
A Codo22.5	82834.508	95646.479	NODO=241;DIAMETRO=8;
A Tapon	83276.036	95950.683	NODO=185B;DIAMETRO=4;
A Tee	83274.775	95945.843	NODO=185A;DIAM=8x4;
CODO90	82941.277	95517.455	NODO=399A;DIAM=12;
A Buje	83538.728	95298.725	NODO=543A;DIAM=4x2;
A Buje	83480.668	95347.826	NODO=541A;DIAM=4x2;
A Buje	83412.319	95405.628	NODO=536A;DIAM=4x2;
A Buje	83609.839	95540.259	NODO=435A;DIAM=4x3;
A Buje	83464.714	95537.787	NODO=427A;DIAM=4x2;
A Buje	83374.937	95535.943	NODO=422A;DIAM=4x2;
A Buje	82980.042	95528.498	NODO=404;DIAM=4x2;
A Buje	83156.407	95395.528	NODO=624;DIAM=4x2;
A Buje	82976.439	95337.323	NODO=574A;DIAM=4x3;
A Buje	83099.504	95474.415	NODO=554;DIAM=4x2;
CODO90	83155.342	95956.876	NODO=200;DIAM=6;
A Codo22.5	83549.786	95874.356	NODO=179;DIAM=8;
A Buje	83555.939	95863.799	NODO=95;DIAM=6x8;
A Buje	82730.767	95681.273	NODO=265;DIAM=4x3;
A Buje	82856.206	95587.928	NODO=237A;DIAM=4x3;
A Buje	83590.187	96013.855	NODO=107;DIAM=4x3;
A Codo22.5	83114.872	95216.031	NODO=629;DIAMETRO=8;
A Codo22.5	83117.056	95211.786	NODO=628;DIAMETRO=8;
A Codo22.5	83109.998	95437.611	NODO=626;DIAMETRO=8;
A Tapon	83152.605	95391.165	NODO=625;DIAMETRO=2;
CODO90	83221.854	95333.846	NODO=620;DIAM=8;
A Tapon	83314.483	95263.716	NODO=619;DIAMETRO=12;
A Tapon	83197.045	95281.607	NODO=609;DIAMETRO=3;
A Buje	83195.16	95283.236	NODO=608;DIAM=4x3;
A Tapon	83119.129	95188.649	NODO=605;DIAMETRO=3;
A Buje	83117.243	95190.277	NODO=604;DIAM=4x3;
A Tapon	83150.52	95070.204	NODO=602;DIAMETRO=6;
A Tapon	83078.419	95124.128	NODO=597;DIAMETRO=3;
A Buje	83080.316	95126.429	NODO=596;DIAM=4x3;
A Buje	83072.715	95135.419	NODO=594;DIAM=12x6;
A Tapon	83021.113	95167.444	NODO=589;DIAMETRO=2;
A Buje	83024.358	95171.297	NODO=588;DIAM=4x2;
A Tapon	82976.316	95209.777	NODO=586;DIAMETRO=3;
A Buje	82977.19	95210.836	NODO=585;DIAM=4x3;
A Tapon	82983.562	95346.158	NODO=575;DIAMETRO=3;
A Tapon	82977.501	95325.149	NODO=573;DIAMETRO=2;
A Buje	82979.089	95327.079	NODO=572;DIAM=4x2;
A Tapon	83077.087	95345.647	NODO=561;DIAMETRO=2;
A Tapon	83096.319	95474.67	NODO=555;DIAMETRO=2;
A Codo22.5	83627.417	95304.19	NODO=549;DIAMETRO=8;
A Tapon	83540.299	95300.644	NODO=544;DIAMETRO=2;
A Tapon	83482.234	95349.749	NODO=542;DIAMETRO=2;
A Tapon	83413.875	95407.558	NODO=537;DIAMETRO=2;
A Tapon	83277.761	95326.071	NODO=514;DIAMETRO=2;
A Buje	83275.688	95323.478	NODO=513;DIAM=4x2;
A Buje	83322.713	95281.387	NODO=511;DIAM=12x8;
A Tapon	83334.661	95277.76	NODO=509;DIAMETRO=2;
A Buje	83332.392	95275.025	NODO=508;DIAM=4x2;
A Tapon	83393.685	95227.64	NODO=502;DIAMETRO=2;
A Buje	83391.566	95225.08	NODO=501;DIAM=4x2;
A Tapon	83452.245	95177.916	NODO=499;DIAMETRO=2;
A Buje	83450.101	95175.379	NODO=498;DIAM=4x2;
A Tapon	83535.637	95107.106	NODO=492;DIAMETRO=3;
A Buje	83533.492	95104.569	NODO=491;DIAM=4x3;
A Tapon	83623.638	95013.189	NODO=484;DIAMETRO=12;
A Tapon	83698.287	95195.425	NODO=472;DIAMETRO=4;
A Buje	83627.29	95408.273	NODO=455;DIAM=4x3;
A Tapon	83635.431	95412.736	NODO=456;DIAMETRO=3;
CODO90	83565.462	95534.156	NODO=444;DIAM=12;
A Codo11.25	83563.951	95538.258	NODO=442;DIAMETRO=12;
A Tapon	83620.475	95542.124	NODO=440;DIAMETRO=8;
A Tapon	83609.88	95537.074	NODO=436;DIAMETRO=3;
A Tapon	83464.848	95534.607	NODO=428;DIAMETRO=2;
A Tapon	83375.037	95532.762	NODO=423;DIAMETRO=2;
A Tapon	83163.254	95528.532	NODO=412;DIAMETRO=2;
A Tapon	82980.152	95525.309	NODO=405;DIAMETRO=2;
A Tapon	82802.093	95211.773	NODO=398;DIAMETRO=6;
A Codo22.5	82916.948	95382.419	NODO=393;DIAMETRO=12;
CODO90	82925.004	95388.486	NODO=391;DIAM=8;
A Codo22.5	82918.541	95393.936	NODO=390;DIAMETRO=8;
A Tapon	82784.492	95223.292	NODO=379;DIAMETRO=6;
A Buje	82893.465	95387.95	NODO=371;DIAM=12x6;
A Tapon	82893.097	95422.029	NODO=369;DIAMETRO=3;
Union	83520.648	95793.607	NODO=75A;DIAM=12 EMPATE LINEA;
Union	83523.686	95800.008	NODO=79;DIAM=12 EMPATE LINEA;
A Tapon	83503.307	95735.08	NODO=74;DIAMETRO=12;
A Tee	83589.131	95711.959	NODO=68;DIAM=6x4;
A Tee	83497.061	95721.046	NODO=67;DIAM=12x6;
A Tapon	83594.825	95711.393	NODO=71;DIAMETRO=8;
CODO90	83499.653	95739.312	NODO=72;DIAM=12;
A Tee	83503.966	95738.471	NODO=73;DIAM=12x12;
A Codo11.25	83495.567	95710.522	NODO=66;DIAMETRO=12;
Union	83312.66	95953.484	NODO=183;DIAM=4 EMPATE EN LINEA;
A Buje	83311.946	95952.873	NODO=182;DIAM=8x4;
A Buje	83089.017	95999.495	NODO=193;DIAM=10x8;
A Codo22.5	83036.047	95991.468	NODO=317;DIAMETRO=6;
A Codo22.5	83033.152	95991.107	NODO=316;DIAMETRO=6;
A Codo22.5	82950.001	96012.981	NODO=312;DIAMETRO=6;
A Codo22.5	82930.75	96011.268	NODO=311;DIAMETRO=6;
A Codo22.5	82923.593	96007.539	NODO=307;DIAMETRO=6;
A Buje	82651.222	95700.155	NODO=280;DIAM=12x8;
A Tapon	82729.277	95677.501	NODO=266;DIAMETRO=3;
A Tapon	83030.582	95872.925	NODO=260;DIAMETRO=2;
A Tapon	82967.397	95798.121	NODO=255;DIAMETRO=2;
A Tapon	82869.405	95679.173	NODO=249;DIAMETRO=2;
A Codo22.5	82843.295	95656.594	NODO=242;DIAMETRO=8;
A Tapon	82852.566	95585.271	NODO=238;DIAMETRO=3;
A Codo22.5	82898.459	95565.32	NODO=231;DIAMETRO=12;
CODO90	82999.281	95790.526	NODO=215;DIAM=6;
A Codo22.5	83138.791	95954.65	NODO=206;DIAMETRO=6;
A Codo22.5	83149.344	95957.881	NODO=202;DIAMETRO=6;
CODO90	83089.323	96000.679	NODO=192;DIAM=8;
A Buje	83442.962	95964.969	NODO=174;DIAM=6x4;
A Codo22.5	83419.82	95916.762	NODO=168;DIAMETRO=06;
A Codo22.5	83325.087	95933.83	NODO=159;DIAMETRO=8;
A Buje	83542.128	96198.293	NODO=143;DIAM=6x4;
A Tapon	83528.015	96229.075	NODO=139;DIAMETRO=1;
CODO90	83552.208	96262.657	NODO=134;DIAM=6;
A Tapon	83596.657	96249.813	NODO=133;DIAMETRO=6;
A Tapon	83597.951	96220.564	NODO=126;DIAMETRO=2;
A Tapon	83596.841	96166.937	NODO=123;DIAMETRO=2;
A Buje	83587.37	96167.229	NODO=122;DIAM=4x2;
A Tapon	83598.944	96014.145	NODO=108;DIAMETRO=3;
A Codo22.5	83590.172	95949.439	NODO=102;DIAMETRO=8;
A Codo22.5	83586.723	95928.513	NODO=101;DIAMETRO=8;
CODO90	83551.089	95866.532	NODO=99;DIAM=8;
A Codo22.5	83614.185	95853.841	NODO=86;DIAMETRO=6;
A Codo22.5	83616.293	95857.61	NODO=85;DIAMETRO=6;
A Tee	83614.937	95867.526	NODO=81;DIAM=6x4;
A Buje	83616.352	95868.653	NODO=82;DIAM=4x2;
A Tapon	83613.637	95869.192	NODO=80;DIAMETRO=6;
A Tapon	83620.179	95871.863	NODO=83;DIAMETRO=2;
A Tapon	83507.817	95696.438	NODO=62;DIAMETRO=2;
A Buje	83498.6	95695.361	NODO=61;DIAM=4x2;
A Tapon	83521.677	95631.231	NODO=57;DIAMETRO=2;
A Buje	83512.987	95627.255	NODO=56;DIAM=4x2;
CODO90	83533.33	95597.559	NODO=49;DIAM=12;
A Codo22.5	83535.741	95592.056	NODO=48;DIAMETRO=12;
A Tapon	83627.593	95587.848	NODO=47;DIAMETRO=8;
A Buje	83328.079	95598.308	NODO=36;DIAM=6x4;
A Tapon	83239.722	95585.249	NODO=29;DIAMETRO=2;
A Buje	83239.731	95582.059	NODO=28;DIAM=4x2;
A Tee	83118.421	95578.264	NODO=21;DIAM=12x4;
A Tapon	82961.104	95580.834	NODO=13;DIAMETRO=2;
A Buje	82961.172	95577.147	NODO=12;DIAM=4x2;
CODO90	82900.081	95579.198	NODO=4A;DIAM=12;
A Tee	83146.964	95073.187	NODO=599;DIAM=6x4;
A Tee	83112.173	95218.308	NODO=630;DIAM=8x4;
A Tee	82899.106	95486.962	NODO=363;DIAM=12x4;
A Tee	83625.962	95016.224	NODO=481;DIAM=12x4;
A Tee	83692.955	95221.037	NODO=467;DIAM=12x4;
A Tee	83664.212	95334.265	NODO=457;DIAM=12x4;
A Tee	83618.484	95421.08	NODO=450;DIAM=12x4;
A Tee	83337.574	95582.243	NODO=37;DIAM=12x4;
A Tee	83473.228	95584.786	NODO=40;DIAM=12x4;
A Tee	83518.638	95610.672	NODO=52;DIAM=12x4;
A Tee	83522.054	95796.569	NODO=75;DIAM=12x4;
A Tee	83532.02	95817.564	NODO=78;DIAM=12x4;
A Tee	83611.001	95851.327	NODO=87;DIAM=6x4;
A Tee	83555.308	95864.155	NODO=96;DIAM=8x4;
A Tee	82952.532	95733.58	NODO=218;DIAM=6x4;
A Tee	83014.805	95810.799	NODO=211;DIAM=6x4;
A Tee	82897.495	95653.716	NODO=223;DIAM=6x4;
A Tee	83476.865	95539.865	NODO=429;DIAM=12x4;
A Tee	83377.887	95537.815	NODO=424;DIAM=12x4;
A Tee	83278.879	95535.781	NODO=418;DIAM=12x4;
A Tee	83179.958	95533.842	NODO=413;DIAM=12x4;
A Tee	83083.968	95532.194	NODO=406;DIAM=12x4;
A Tee	82935.085	95529.609	NODO=400;DIAM=12x4;
A Tee	82931.039	95574.668	NODO=7;DIAM=12x4;
A Tee	82872.392	95565.693	NODO=233;DIAM=12x4;
A Tee	82809.538	95640.876	NODO=240A;DIAM=12x4;
A Tee	82722.235	95685.404	NODO=268;DIAM=12x4;
A Tee	82286.995	95271.898	NODO=338;DIAM=12x4;
A Tee	82350.687	95345.667	NODO=335;DIAM=12x4;
A Tee	82414.462	95419.411	NODO=332;DIAM=12x4;
A Tee	82477.873	95493.719	NODO=327;DIAM=12x4;
A Tee	82540.56	95568.35	NODO=324;DIAM=12x4;
A Tee	82603.282	95643.025	NODO=321;DIAM=12x4;
A Tee	82665.618	95713.307	NODO=284;DIAM=8x4;
A Tee	82723.301	95785.893	NODO=289;DIAM=8x4;
A Tee	82785.453	95860.352	NODO=292;DIAM=8x4;
A Tee	83076.781	95883.423	NODO=208;DIAM=6x4;
A Tee	83585.266	96151.169	NODO=118;DIAM=6x4;
A Tee	83542.367	96206.473	NODO=140;DIAM=6x4;
A Tee	83590.022	95954.905	NODO=103;DIAM=8x4;
A Tee	83541.967	96035.322	NODO=145;DIAM=8x4;
A Tee	83587.795	96036.261	NODO=110;DIAM=8x8;
A Tee	83587.511	96046.636	NODO=113;DIAM=8x4;
Union	83580.727	96046.448	NODO=114;DIAM=4 EMPATE LINEA;
A Tee	83447.83	95900.92	NODO=169;DIAM=8x4;
A Tee	83438.827	95952.131	NODO=170;DIAM=6x4;
A Tee	83333.663	95930.666	NODO=162;DIAM=6x4;
A Tee	83144.067	95956.265	NODO=203;DIAM=6x4;
A Tee	83165.375	95974.297	NODO=186;DIAM=8x4;
A Tee	83007.793	95997.778	NODO=313;DIAM=6x4;
A Codo11.25	83506.257	95639.602	NODO=58;DIAMETRO=12;
A Codo11.25	82920.562	95412.845	NODO=385;DIAMETRO=8;
A Codo11.25	82922.963	95443.436	NODO=384;DIAMETRO=8;
A Codo11.25	83543.131	96232.592	NODO=136;DIAMETRO=6;
A Codo11.25	83549.521	96258.202	NODO=135;DIAMETRO=6;
A Tee	83543.012	96228.543	NODO=137;DIAM=6x1;
A Tee	83591.912	96241.017	NODO=129;DIAM=6x6;
A Codo11.25	83589.751	96237.086	NODO=128;DIAMETRO=6;
A Codo11.25	83586.744	96224.538	NODO=127;DIAMETRO=6;
A Codo11.25	83560.901	95861.004	NODO=92;DIAMETRO=6;
A Codo11.25	83602.914	95849.389	NODO=91;DIAMETRO=6;
A Codo22.5	83435.995	96018.333	NODO=152;DIAM=8;
A Codo11.25	83430.804	96016.178	NODO=153;DIAM=8;
A Codo11.25	83442.551	95962.114	NODO=173;DIAMETRO=6;
codo 45	83418.968	95911.738	NODO=167;DIAMETRO=6;
A Codo11.25	83437.373	95948.235	NODO=169;DIAMETRO=6;
A Codo11.25	83329.414	95931.773	NODO=161;DIAMETRO=8;
A Codo11.25	83287.261	95942.595	NODO=185;DIAMETRO=8;
codo 45	83297.886	95941.481	NODO=184;DIAMETRO=8;
codo 45	83104.397	95990.158	NODO=189;DIAMETRO=8;
codo 45	83099.789	95997.976	NODO=190;DIAMETRO=8;
codo 45	82921.079	96007.319	NODO=306;DIAMETRO=6;
A Codo11.25	82804.267	95882.891	NODO=295;DIAMETRO=8;
A Codo11.25	82809.237	95892.139	NODO=296;DIAMETRO=8;
A Codo11.25	82664.557	95688.246	NODO=277;DIAMETRO=12;
codo 45	82662.104	95688.095	NODO=278;DIAMETRO=12;
A Codo11.25	83153.106	95957.563	NODO=201;DIAMETRO=6;
A Codo11.25	83134.923	95951.555	NODO=207;DIAMETRO=6;
A Codo11.25	82909.76	95679.613	NODO=221;DIAMETRO=6;
A Codo11.25	82902.293	95666.106	NODO=222;DIAMETRO=6;
A Tee	82998.287	95791.313	NODO=214;DIAM=6x6;
A Tee	83002.043	95793.905	NODO=217;DIAM=8x6 EMPATE;
A Codo11.25	82885.216	95538.274	NODO=359;DIAMETRO=12;
A Codo11.25	82900.606	95423.943	NODO=367;DIAMETRO=12;
A Codo11.25	82900.99	95473.287	NODO=366;DIAMETRO=12;
A Codo11.25	82897.512	95498.487	NODO=362;DIAMETRO=12;
A Codo11.25	82875.11	95560.921	NODO=232A;DIAMETRO=12;
A Codo11.25	82864.094	95580.262	NODO=236;DIAMETRO=12;
A Codo11.25	82870.085	95328.954	NODO=373;DIAMETRO=6;
A Codo11.25	82883.391	95356.467	NODO=372;DIAMETRO=6;
A Codo11.25	82879.01	95303.99	NODO=396;DIAMETRO=6;
A Codo11.25	82903.917	95351.3	NODO=395;DIAMETRO=6;
A Codo11.25	82913.931	95380.353	NODO=394;DIAMETRO=6;
A Codo11.25	83113.643	95460.285	NODO=525;DIAMETRO=8;
codo 45	83117.9	95455.335	NODO=524;DIAMETRO=8;
A Codo11.25	83117.342	95502.39	NODO=526;DIAMETRO=8;
A Tee	83124.028	95532.799	NODO=410;DIAM=12x8;
A Codo11.25	83119.689	95515.295	NODO=527;DIAMETRO=8;
A Codo11.25	83325.934	95526.763	NODO=530;DIAMETRO=8;
A Tee	83342.157	95461.667	NODO=535;DIAM=8x8;
A Codo11.25	83693.396	95187.212	NODO=473;DIAMETRO=12;
A Codo11.25	83692.773	95235.068	NODO=466;DIAMETRO=12;
A Codo11.25	83679.589	95297.872	NODO=462;DIAMETRO=12;
A Codo11.25	83690.486	95153.335	NODO=474;DIAMETRO=12;
A Codo11.25	83657.33	95057.568	NODO=478;DIAMETRO=12;
A Tee	83586.099	95255.599	NODO=548;DIAM=8x8;
A Tee	83324.075	95280.187	NODO=510;DIAM=12x12;
A Tee	83311.89	95265.836	NODO=618;DIAM=12x12;
A Tee	83239.748	95327.561	NODO=616;DIAM=12x8;
codo 45	83236.799	95330.087	NODO=615;DIAMETRO=12;
codo 45	83230.689	95329.507	NODO=614;DIAMETRO=12;
codo 45	83224.302	95336.81	NODO=621;DIAMETRO=8;
codo 45	83223.985	95340.14	NODO=622;DIAMETRO=8;
A Tee	83229.178	95327.705	NODO=613;DIAM=12x8;
A Tee	82916.782	95394.324	NODO=389;DIAM=8x8;
A Codo11.25	82727.939	95684.283	NODO=267;DIAMETRO=12;
A Codo11.25	82755.669	95673.677	NODO=263;DIAMETRO=12;
A Codo11.25	82783.237	95659.605	NODO=262;DIAMETRO=12;
A Tee	82912.492	95528.807	NODO=380;DIAM=12x8;
codo 45	82913.132	95525.367	NODO=381;DIAMETRO=8;
A Tee	82941.277	95529.705	NODO=399;DIAM=12x12;
A Tee	82890.178	95522.149	NODO=360;DIAM=12x12;
A Codo11.25	82860.454	95318.701	NODO=374;DIAMETRO=6;
A Tee	82893.901	95389.709	NODO=370;DIAM=12x12;
A Tee	83022.58	95288.533	NODO=578;DIAM=12x8;
codo 45	83028.958	95283.153	NODO=637;DIAMETRO=8;
codo 45	83034.716	95283.642	NODO=636;DIAMETRO=8;
A Codo11.25	82688.367	95692.062	NODO=271;DIAMETRO=12;
A Tee	82787.29	95226.618	NODO=376;DIAM=6x4;
A Tee	82789.589	95229.411	NODO=375;DIAM=6x6;
A Tee	82805.706	95216.078	NODO=397;DIAM=6x6;
A Tee	82918.923	95380.764	NODO=392;DIAM=12x8;
codo 45	83323.728	95939.294	NODO=156;DIAMETRO=8;
codo 45	83323.398	95936.138	NODO=157;DIAMETRO=8;
A Codo11.25	83342.255	95954.964	NODO=155;DIAMETRO=8;
A Codo11.25	83344.915	95957.778	NODO=154;DIAMETRO=8;
A Tee	83156.239	95960.34	NODO=199;DIAM=6x6 EMPATE;
VALVULA PROY	82879.589	95547.633	NODO=358;DIAMETRO=12;
codo 45	83420.548	95909.024	NODO=166;DIAMETRO=6;
codo 45	83457.82	96033.467	NODO=148;DIAMETRO=8;
codo 45	83454.444	96027.661	NODO=149;DIAMETRO=8;
codo 45	83454.463	96021.078	NODO=150;DIAMETRO=8;
codo 45	83449.289	96018.386	NODO=151;DIAMETRO=8;
A Tee	83668.351	95326.351	NODO=458;DIAM=12x8;
A Tee	83616.985	95542.104	NODO=437;DIAM=8x4;
A Tee	83554.146	95871.849	NODO=100;DIAM=8x6;
Union	83542.041	96195.313	NODO=144;DIAM=4 EMPATE LINEA;
A Tee	83586.672	96220.968	NODO=124;DIAM=6x2;
A Tee	83593.632	96244.205	NODO=130;DIAM=6x4;
A Tee	83557.621	95862.852	NODO=93;DIAM=6x12;
Union	82936.031	96036.301	NODO=319;DIAM=10 EMPATE LINEA;
A Tee	83322.767	95936.695	NODO=158;DIAM=8x8;
A Tee	83310.565	95951.754	NODO=181;DIAM=8x8;
codo 45	82840.049	95928.498	NODO=297;DIAMETRO=8;
codo 45	82846.604	95929.126	NODO=298;DIAMETRO=8;
VALVULA PROY	83094.034	95997.572	NODO=191;DIAMETRO=8;
A Tee	83088.643	95998.047	NODO=194;DIAM=10x8;
A Tee	82874	95675.393	NODO=247;DIAM=8x2 Collarin;
A Tee	82972.065	95794.299	NODO=253;DIAM=8x2 Collarin;
A Tee	82926.117	96008.854	NODO=308;DIAM=6x4;
A Tee	82649.994	95698.822	NODO=279;DIAM=12x12;
A Codo11.25	82675.942	95729.153	NODO=288;DIAMETRO=8;
A Codo11.25	82670.777	95719.613	NODO=287;DIAMETRO=8;
codo 45	82660.007	95710.906	NODO=282;DIAMETRO=8;
codo 45	82663.948	95711.265	NODO=283;DIAMETRO=8;
A Codo11.25	82671.506	95690.735	NODO=273;DIAMETRO=12;
A Codo11.25	82681.799	95692.338	NODO=272;DIAMETRO=12;
A Tee	82877.348	95556.051	NODO=232;DIAM=12x12;
A Tee	82857.665	95589.001	NODO=237;DIAM=12x4;
A Codo11.25	82838.993	95614.381	NODO=239;DIAMETRO=12;
A Tee	82824.78	95627.601	NODO=240;DIAM=12x8;
A Codo11.25	82891.611	95638.521	NODO=226;DIAMETRO=8;
A Codo11.25	82891.521	95577.919	NODO=229;DIAMETRO=8;
A Codo11.25	82889.392	95626.325	NODO=227;DIAMETRO=8;
A Codo11.25	82888.382	95596.838	NODO=228;DIAMETRO=8;
A Tee	83245.334	95347.048	NODO=516;DIAM=8x8;
A Tee	83488.49	95140.578	NODO=493;DIAM=12x8;
A Tee	83163.176	95533.526	NODO=411;DIAM=12x4;
A Tee	83693.291	95195.295	NODO=470;DIAM=12x4;
A Tee	83625.683	95407.437	NODO=454;DIAM=12x4;
A Tee	83511.338	95626.505	NODO=55;DIAM=12x4;
A Tee	83588.409	96013.833	NODO=106;DIAM=8x4;
codo 45	82912.087	95523.604	NODO=382;DIAMETRO=8;
A Tee	82897.075	95564.715	NODO=230;DIAM=12x8;
_None	83769.237	95548.194	
_None	83714.545	95608.168	
Union	83443.169	95966.798	NODO=175;DIAM=4 EMPATE LINEA;
A$C6B1C283F	82991.169	95817.127	
A$C6B1C283F	82991.169	95817.127	
A Tee	83585.562	96167.324	NODO=121;DIAM=6x4;
A Tee	82731.471	95682.932	NODO=264;DIAM=12x4;
A Tee	83526.158	95594.457	NODO=50;DIAM=12x12;
A Tee	83022.359	95294.109	NODO=566;DIAM=12x8;
A Tee	83587.983	96029.423	NODO=109;DIAM=8x4;
A$C6B1C283F	83830.594	95296.85	
A$C6B1C283F	83843.245	95334.565	
A$C6B1C283F	83820.385	95462.74	
A$C6B1C283F	83328.434	95537.554	
A$C6B1C283F	83244.599	95351.526	
A$C6B1C283F	83076.777	95137.447	
A$C6B1C283F	82984.073	95210.131	
A$C6B1C283F	82979.917	95530.301	
A$C6B1C283F	83163.045	95533.937	
A$C6B1C283F	83247.223	95535.708	
A$C6B1C283F	83374.762	95538.606	
A$C6B1C283F	83464.568	95540.647	
A$C6B1C283F	83608.213	95545.644	
A$C6B1C283F	83697.871	95559.11	
A$C6B1C283F	83732.63	95578.772	
A$C6B1C283F	83616.539	95593.781	
A$C6B1C283F	83177.577	95581.858	
A$C6B1C283F	83103.91	95579.296	
A$C6B1C283F	83821.292	95462.622	
A$C6B1C283F	83528.939	95595.844	
A$C6B1C283F	82863.293	95662.954	
A$C6B1C283F	83094.393	95945.863	
A Tee	83587.259	96055.866	NODO=115;DIAM=6x4;
A$C6B1C283F	82889.343	95576.798	
A$C6B1C283F	83843.955	95333.984	
A Tee	83419.924	95908.191	NODO=165;DIAM=8x6;
A Tee	83496.794	95695.187	NODO=60;DIAM=12x4;
A$C6B1C283F	83830.594	95296.85	
A$C6B1C283F	83843.245	95334.565	
A$C6B1C283F	83820.385	95462.74	
A$C6B1C283F	83328.434	95537.554	
A Tee	83157.627	95396.868	NODO=623;DIAM=8x4;
A Tee	83101.302	95474.226	NODO=553;DIAM=8x4;
A Tee	83095.871	95441.627	NODO=557;DIAM=8x8;
A Tee	83063.078	95352.956	NODO=559;DIAM=8x4;
A$C6B1C283F	83244.599	95351.526	
A Tee	83251.58	95341.721	NODO=515;DIAM=8x8;
A Tee	83081.649	95127.948	NODO=595;DIAM=6x4;
A Tee	83126.798	95090.019	NODO=598;DIAM=6x4;
A$C6B1C283F	83076.777	95137.447	
A$C6B1C283F	82984.073	95210.131	
A Tee	82900.189	95421.241	NODO=368;DIAM=12x4;
A$C6B1C283F	82979.917	95530.301	
A$C6B1C283F	83163.045	95533.937	
A$C6B1C283F	83247.223	95535.708	
A$C6B1C283F	83374.762	95538.606	
A$C6B1C283F	83464.568	95540.647	
A$C6B1C283F	83608.213	95545.644	
A$C6B1C283F	83697.871	95559.11	
A$C6B1C283F	83732.63	95578.772	
Union	83555.449	95858.95	NODO=94;DIAM=12 EMPATE LINEA;
A$C6B1C283F	83616.539	95593.781	
A Tee	83535.567	95585.974	NODO=43;DIAM=12x12;
A Tee	83326.06	95582.015	NODO=32;DIAM=12x6;
A$C6B1C283F	83177.577	95581.858	
A$C6B1C283F	83103.91	95579.296	
Union	83117.971	95582.596	NODO=23;DIAM=4 EMPATE LINEA;
Union	83103.185	95581.761	NODO=19;DIAM=6 EMPATE LINEA;
A Tee	83103.556	95578.026	NODO=17;DIAM=12x6;
A Tee	83239.745	95580.248	NODO=27;DIAM=12x4;
A Tee	83609.868	95542.01	NODO=435;DIAM=12x4;
A Tee	83563.94	95541.352	NODO=433;DIAM=12x12;
A Tee	83559.84	95531.269	NODO=445;DIAM=12x12;
A Tee	83464.72	95539.599	NODO=427;DIAM=12x4;
A Tee	83374.909	95537.754	NODO=422;DIAM=12x4;
A Tee	83325.759	95536.744	NODO=421;DIAM=12x8;
A Tee	83105.523	95532.522	NODO=409;DIAM=12x8;
A Tee	82980.023	95530.309	NODO=403;DIAM=12x4;
A Tee	83034.453	95869.758	NODO=258;DIAM=8x2;
A Tee	82961.156	95575.336	NODO=11;DIAM=12x4;
A Tee	82849.791	95932.926	NODO=299;DIAM=8x4;
A Tee	82984.415	95809.262	NODO=257;DIAM=8x8;
A Tee	82974.127	95334.517	NODO=574;DIAM=12x4;
A Tee	82980.663	95329.021	NODO=571;DIAM=12x4;
A Tee	82974.814	95223.642	NODO=580;DIAM=12x4;
A Tee	82979.567	95213.593	NODO=584;DIAM=12x4;
A Tee	83026.736	95174.03	NODO=587;DIAM=12x4;
A Tee	83069.963	95137.773	NODO=593;DIAM=12x12;
A Tee	83062.058	95144.372	NODO=590;DIAM=12x4;
A Tee	83115.337	95191.901	NODO=603;DIAM=12x4;
A Tee	83193.259	95284.856	NODO=607;DIAM=12x4;
A Tee	83532.403	95103.292	NODO=490;DIAM=12x4;
A Tee	83331.427	95273.944	NODO=507;DIAM=12x4;
A Tee	83274.593	95322.205	NODO=512;DIAM=8x4;
A Tee	83361.435	95248.464	NODO=504;DIAM=12x4;
A Tee	83390.457	95223.82	NODO=500;DIAM=12x4;
A Tee	83449.017	95174.097	NODO=497;DIAM=12X4;
A Tee	83537.163	95296.938	NODO=543;DIAM=8x4;
A Tee	83479.071	95346.01	NODO=541;DIAM=8x4;
A Tee	83456.759	95364.741	NODO=538;DIAM=8x4;
A Tee	83410.645	95403.739	NODO=536;DIAM=8x4;
Union	83328.174	95596.103	NODO=35;DIAM=6 EMPATE LINEA;
A$C6B1C283F	83821.292	95462.622	
A$C6B1C283F	83528.939	95595.844	
A$C6B1C283F	82863.293	95662.954	
A$C6B1C283F	83094.393	95945.863	
VALVULA PROY	83016.034	95297.015	NODO=567;DIAMETRO=12;
VALVULA PROY	83035.035	95289.73	NODO=565;DIAMETRO=8;
VALVULA PROY	83247.734	95338.506	NODO=617;DIAMETRO=8;
VALVULA PROY	83363.446	95244.349	NODO=503;DIAMETRO=12;
VALVULA PROY	82866.363	95667.581	NODO=246;DIAMETRO=8;
VALVULA PROY	83325.098	95586.525	NODO=34;DIAMETRO=6;
codo 45	82861.982	95659.336	NODO=244;DIAMETRO=8;
A Codo11.25	83321.122	95581.343	NODO=33;DIAMETRO=6;
A Codo11.25	83098.607	95581.438	NODO=18;DIAMETRO=6;
A Codo11.25	83113.462	95581.635	NODO=22;DIAMETRO=4;
A Tee	82917.728	95398.968	NODO=386;DIAM=8x4;
A Codo11.25	82917.073	95477.539	NODO=383;DIAMETRO=8;
A Codo11.25	82799.472	95649.123	NODO=261;DIAMETRO=12;
A Tee	83125.786	95204.39	NODO=606;DIAM=12x8;
A Tee	82916.119	96011.478	NODO=302;DIAM=8x6;
codo 45	83607.938	95875.646	NODO=84;DIAMETRO=6;
codo 45	83617.641	95855.789	NODO=90;DIAMETRO=6;
A Tee	83198.063	95290.588	NODO=610;DIAM=12x4;
VALVULA PROY	83120.937	95206.102	NODO=627;DIAMETRO=8;
A Codo11.25	83500.671	95661.853	NODO=59;DIAMETRO=12;
A Tee	83495.819	95705.325	NODO=63;DIAM=12x4;
VALVULA PROY	83506.232	95539.197	NODO=432;DIAMETRO=12;
A Tee	83563.595	95524.168	NODO=446;DIAM=12x4;
A Tee	83671.526	95319.915	NODO=459;DIAM=12x4;
A Tee	83679.485	95114.795	NODO=475;DIAM=12x4;
VALVULA PROY	83573.719	95540.237	NODO=434;DIAMETRO=12;
A Codo11.25	83564.532	95536.047	NODO=443;DIAMETRO=12;
A Tee	83013.812	95301.269	NODO=568;DIAM=12x4;
A Codo11.25	83095.595	95458.214	NODO=556;DIAMETRO=8;
A Codo11.25	83076.907	95389.5	NODO=558;DIAMETRO=8;
A Codo11.25	83044.951	95323.969	NODO=562;DIAMETRO=8;
codo 45	83031.839	95300.422	NODO=563;DIAMETRO=8;
codo 45	83028.24	95300.008	NODO=564;DIAMETRO=8;
codo 45	83023.075	95293.527	NODO=576;DIAMETRO=12;
codo 45	83024.042	95289.242	NODO=577;DIAMETRO=12;
codo 45	82974.228	95229.09	NODO=579;DIAMETRO=12;
codo 45	82974.659	95217.729	NODO=583;DIAMETRO=12;
A Tee	83589.681	95054.654	NODO=487;DIAM=12x4;
codo 45	83596.993	95053.025	NODO=485;DIAMETRO=12;
codo 45	83590.706	95052.512	NODO=486;DIAMETRO=12;
A Tee	83123.48	95450.517	NODO=521;DIAM=8x4;
VALVULA PROY	83233.777	95354.501	NODO=517;DIAMETRO=8;
A Tee	83231.264	95358.995	NODO=518;DIAM=8x4;
A Tee	83480.805	95147.104	NODO=494;DIAM=12x4;
A Tee	83574.65	95265.272	NODO=545;DIAM=8x4;
A Tee	83331.887	95475.99	NODO=531;DIAM=8x4;
codo 45	83331.854	95470.38	NODO=534;DIAMETRO=8;
VALVULA PROY	83324.682	95529.919	NODO=529;DIAMETRO=8;
VALVULA PROY	83104.393	95528.352	NODO=552;DIAMETRO=8;
A Tee	83622.598	95587.789	NODO=44;DIAM=8x4;
A Codo11.25	83319.013	95581.896	NODO=31;DIAMETRO=12;
A Codo11.25	83317.254	95581.516	NODO=30;DIAMETRO=12;
A Tee	83190.324	95579.44	NODO=24;DIAM=12x4;
A Tee	83046.887	95577.094	NODO=14;DIAM=12x4;
A Tee	82937.214	95752.041	NODO=250;DIAM=8x4;
A Tee	82667.072	95689.147	NODO=274;DIAM=12x4;
VALVULA PROY	82940.69	96025.383	NODO=318;DIAMETRO=10;
