CATEGORIA	NOMBRE_LIBRO	UM	VU_LIBRO	MATCH_IDU	UM_IDU	VU_IDU	RATIO	PUNTAJE	BANDERA
CIMENTACIÓN REDES HIDROSANITARIAS	Excavación manual en material común (No incluye cargue, transporte ni disposición)	M3	52405.9326346062	EXCAVACIÓN MANUAL EN MATERIAL COMÚN (INCL CARGUE, TRANSPORTE Y DISPOSICION FINAL)	M3	117926	0.44	0.82	BARATO frente a IDU
CIMENTACIÓN REDES HIDROSANITARIAS	Cargue y retiro externo de sobrantes de la excavación manual	M3	56603.2078892225					0.55	sin referencia
CIMENTACIÓN REDES HIDROSANITARIAS	Cargue y retiro interno de sobrantes de la excavación manual	M3	17231.1564401149					0.55	sin referencia
CIMENTACIÓN REDES HIDROSANITARIAS	Relleno con arena de peña	M3	182185					0.55	sin referencia
CIMENTACIÓN REDES HIDROSANITARIAS	Suministro y colocación de recebo	M3	101915.14034583					0.5	sin referencia
CIMENTACIÓN REDES HIDROSANITARIAS	Suministro y colocación de triturado 3/4	M3	178829	RELLENO EN TRITURADO DE 3/4`` (INCLUYE TRANSPORTE, SUMINISTRO, EXTENDIDO MANUAL Y COLOCACIÓN)	M3	178829	1	0.6	ok
CIMENTACIÓN REDES HIDROSANITARIAS	Suministro e instalación de subbase granular tipo B-400	M3	134047	RELLENO PARA REDES EN SUBBASE GRANULAR B-400 (SUMINISTRO, EXTENDIDO, HUMEDECIMIENTO Y COMPACTACIÓN)	M3	134047	1	0.57	ok
CIMENTACIÓN REDES HIDROSANITARIAS	Instalación de Tubería de acueducto PVC	PULG	2541.76357140814					0	sin referencia
CIMENTACIÓN REDES HIDROSANITARIAS	Instalación de tubería de alcantarillado	PULG	3558.4689999714					0	sin referencia
CIMENTACIÓN REDES HIDROSANITARIAS	Instalación de tubería de alcantarillado en concreto	PULG	4260.40765318736					0	sin referencia
CIMENTACIÓN REDES HIDROSANITARIAS	Entibado para excavaciones <=3m	M2	51958.7110402116					0.29	sin referencia
CIMENTACIÓN REDES HIDROSANITARIAS	Entibado para excavaciones >3m	M2	125356.271004673					0.29	sin referencia
CIMENTACIÓN REDES HIDROSANITARIAS	Cinta de señalización	ML	1094					0.5	sin referencia
CIMENTACIÓN REDES HIDROSANITARIAS	Prueba hidrostática para tubería (Incluye desinfección)	ML	19893.1469227118					0.29	sin referencia
CIMENTACIÓN REDES HIDROSANITARIAS	Prueba de hermeticidad	ML	15750.1036971938					0.08	sin referencia
CIMENTACIÓN REDES HIDROSANITARIAS	Inspección con cámara para tubería	ML	12681.4681444941					0.33	sin referencia
CIMENTACIÓN REDES HIDROSANITARIAS	Transporte de tubería en concreto	KG	48.526501205385					0.12	sin referencia
RED DE ACUEDUCTO	Tapón 1,1/2"	UN	35024.7209400227					0.4	sin referencia
RED DE ACUEDUCTO	Tapón 2"	UN	85211.5118993448					0.4	sin referencia
RED DE ACUEDUCTO	Tapón 2,1/2"	UN	135510.113878592					0.4	sin referencia
RED DE ACUEDUCTO	Tapón 4"	UN	293052.33051294					0.4	sin referencia
RED DE ACUEDUCTO	Atraques	UN	285243.395656796					0	sin referencia
RED DE ACUEDUCTO	Válvula 1,1/2"	UN	1358452.50588645					0.4	sin referencia
RED DE ACUEDUCTO	Válvula 2"	UN	1501208.7730039					0.4	sin referencia
RED DE ACUEDUCTO	Válvula 2,1/2"	UN	1972963.95020208					0.4	sin referencia
RED DE ACUEDUCTO	Válvula 4"	UN	2729315					0.4	sin referencia
RED DE ACUEDUCTO	Estación reguladora de presión 12"	UN	234756286.667175					0.24	sin referencia
RED DE ACUEDUCTO	Hidrante 6"	UN	15270446.77672					0.25	sin referencia
RED DE ACUEDUCTO	Conexión a red existente de acueducto Ø6"x12"	UN	9652085.9915016					0.22	sin referencia
RED DE ACUEDUCTO	Conexión a red existente de acueducto Ø8"x12"	UN	9652085.9915016					0.22	sin referencia
RED DE ACUEDUCTO	Retiro de red existente PVC Ø=6"	ML	4106.74837852167					0.4	sin referencia
SUMINISTRO RED DE AGUA POTABLE PVC	Suministro de tubería tubería PVC 1/2" RDE 13.5	ML	4134.46761771406	TUBERIA PVC D=2" TIPO U.M. RDE 21 (SUMINISTRO E INSTALACIÓN)	ML	26617	0.16	0.83	BARATO frente a IDU
SUMINISTRO RED DE AGUA POTABLE PVC	Suministro de tubería tubería PVC 3/4" RDE 21	ML	10115	TUBERIA PVC D=2" TIPO U.M. RDE 21 (SUMINISTRO E INSTALACIÓN)	ML	26617	0.38	1	BARATO frente a IDU
SUMINISTRO RED DE AGUA POTABLE PVC	Suministro de tubería tubería PVC 1" RDE 21	ML	12748	TUBERIA PVC D=2" TIPO U.M. RDE 21 (SUMINISTRO E INSTALACIÓN)	ML	26617	0.48	1	BARATO frente a IDU
SUMINISTRO RED DE AGUA POTABLE PVC	Suministro de tubería PVC 1,1/2" RDE 21	ML	20615	TUBERIA PVC D=2" TIPO U.M. RDE 21 (SUMINISTRO E INSTALACIÓN)	ML	26617	0.77	0.91	ok
SUMINISTRO RED DE AGUA POTABLE PVC	Suministro de tubería PVC 2" RDE 21	ML	26617	TUBERIA PVC D=2" TIPO U.M. RDE 21 (SUMINISTRO E INSTALACIÓN)	ML	26617	1	0.91	ok
SUMINISTRO RED DE AGUA POTABLE PVC	Suministro de tubería PVC 2,1/2" RDE 21	ML	36526	TUBERIA PVC D=2" TIPO U.M. RDE 21 (SUMINISTRO E INSTALACIÓN)	ML	26617	1.37	0.91	ok
SUMINISTRO RED DE AGUA POTABLE PVC	Suministro de tubería PVC 3" RDE 21	ML	59868	TUBERIA PVC D=2" TIPO U.M. RDE 21 (SUMINISTRO E INSTALACIÓN)	ML	26617	2.25	0.91	caro frente a IDU
SUMINISTRO RED DE AGUA POTABLE PVC	Suministro de tubería PVC 4" RDE 21	ML	76083	TUBERIA PVC D=2" TIPO U.M. RDE 21 (SUMINISTRO E INSTALACIÓN)	ML	26617	2.86	0.91	caro frente a IDU
SUMINISTRO RED DE AGUA POTABLE PVC	Suministro de tubería PVC 6" RDE 21	ML	151759	TUBERIA PVC D=2" TIPO U.M. RDE 21 (SUMINISTRO E INSTALACIÓN)	ML	26617	5.7	0.91	caro frente a IDU
SUMINISTRO RED DE AGUA POTABLE PVC	Suministro de tubería PVC 8" RDE 21	ML	250672	TUBERIA PVC D=2" TIPO U.M. RDE 21 (SUMINISTRO E INSTALACIÓN)	ML	26617	9.42	0.91	caro frente a IDU
SUMINISTRO RED DE AGUA POTABLE PVC	Suministro de tubería PVC 10" RDE 21	ML	390190	TUBERIA PVC D=10" TIPO U.M. RDE 21 (SUMINISTRO E INSTALACIÓN)	ML	390190	1	0.92	ok
SUMINISTRO RED DE AGUA POTABLE PVC	Suministro de tubería PVC 12" RDE 21	ML	533659	TUBERIA PVC D=12" TIPO U.M. RDE 21 (SUMINISTRO E INSTALACIÓN)	ML	533659	1	0.92	ok
SUMINISTRO RED DE AGUA POTABLE PVC	Suministro de tubería PVC 14" RDE 21	ML	641522	TUBERIA PVC D=14" TIPO U.M. RDE 21 (SUMINISTRO E INSTALACIÓN)	ML	641522	1	0.92	ok
SUMINISTRO RED DE AGUA POTABLE PVC	Suministro de tubería PVC 16" RDE 21	ML	820509.544142494	TUBERIA PVC D=2" TIPO U.M. RDE 21 (SUMINISTRO E INSTALACIÓN)	ML	26617	30.83	0.83	caro frente a IDU
SUMINISTRO RED DE ALCANTARILLADO PVC	Tubería NOVAFORT 4"	ML	46152					0.4	sin referencia
SUMINISTRO RED DE ALCANTARILLADO PVC	Tubería NOVAFORT 6"	ML	93174					0.4	sin referencia
SUMINISTRO RED DE ALCANTARILLADO PVC	Tubería NOVAFORT 8"	ML	127982					0.4	sin referencia
SUMINISTRO RED DE ALCANTARILLADO PVC	Tubería NOVAFORT 10"	ML	109091.120690274					0.5	sin referencia
SUMINISTRO RED DE ALCANTARILLADO PVC	Tubería NOVAFORT 12"	ML	301911					0.5	sin referencia
SUMINISTRO RED DE ALCANTARILLADO PVC	Tubería NOVAFORT 14"	ML	435500					0.5	sin referencia
SUMINISTRO RED DE ALCANTARILLADO PVC	Tubería NOVAFORT 16"	ML	287734.464354453					0.5	sin referencia
SUMINISTRO RED DE ALCANTARILLADO PVC	Tubería NOVAFORT 18"	ML	315153					0.36	sin referencia
SUMINISTRO RED DE ALCANTARILLADO PVC	Tubería NOVAFORT 20"	ML	403869					0.36	sin referencia
SUMINISTRO RED DE ALCANTARILLADO PVC	Tubería NOVAFORT 24"	ML	817846					0.4	sin referencia
SUMINISTRO RED DE ALCANTARILLADO PVC	Tubería NOVAFORT 27"	ML	991864					0.4	sin referencia
SUMINISTRO RED DE ALCANTARILLADO PVC	Tubería NOVAFORT 30"	ML	1478460					0.36	sin referencia
SUMINISTRO RED DE ALCANTARILLADO PVC	Tubería NOVAFORT 33"	ML	1319889.89419942					0.33	sin referencia
SUMINISTRO RED DE ALCANTARILLADO PVC	Tubería NOVAFORT 36"	ML	1512469					0.4	sin referencia
SUMINISTRO RED DE ALCANTARILLADO PVC	Tubería NOVAFORT 39"	ML	2463439.93090011					0.33	sin referencia
SUMINISTRO RED DE ALCANTARILLADO PVC	Tubería NOVAFORT 42"	ML	2892054.3723368					0.33	sin referencia
SUMINISTRO RED DE ALCANTARILLADO PVC	Tubería NOVALOC 45"	ML	3148427.08599886					0.33	sin referencia
SUMINISTRO RED DE ALCANTARILLADO PVC	Tubería NOVALOC 48"	ML	2515311					0.4	sin referencia
SUMINISTRO RED DE ALCANTARILLADO PVC	Tubería NOVALOC 51"	ML	4422808.78477127					0.33	sin referencia
SUMINISTRO RED DE ALCANTARILLADO PVC	Tubería NOVALOC 54"	ML	4656058.04331286					0.33	sin referencia
SUMINISTRO RED DE ALCANTARILLADO PVC	Tubería NOVALOC 57"	ML	4862069.79933104					0.33	sin referencia
SUMINISTRO RED DE ALCANTARILLADO PVC	Tubería NOVALOC 60"	ML	3580389					0.4	sin referencia
SUMINISTRO E INSTALACIÓN RED DE ALCANTARILLADO PVC	Tubería NOVAFORT 4" Hex (0-1,5)m	ML	283197.659320344					0.33	sin referencia
SUMINISTRO E INSTALACIÓN RED DE ALCANTARILLADO PVC	Tubería NOVAFORT 4" Hex (1,5-2,5)m	ML	539250.453178088					0.33	sin referencia
SUMINISTRO E INSTALACIÓN RED DE ALCANTARILLADO PVC	Tubería NOVAFORT 4" Hex (2,5-3,5)m	ML	832557.383336259					0.33	sin referencia
SUMINISTRO E INSTALACIÓN RED DE ALCANTARILLADO PVC	Tubería NOVAFORT 4" Hex (3,5-4,5)m	ML	1757702.48243337					0.33	sin referencia
SUMINISTRO E INSTALACIÓN RED DE ALCANTARILLADO PVC	Tubería NOVAFORT 4" Hex (4,5-5,5)m	ML	2188284.0878249					0.33	sin referencia
SUMINISTRO E INSTALACIÓN RED DE ALCANTARILLADO PVC	Tubería NOVAFORT 4" Hex (5,5-6,5)m	ML	2618865.69321643					0.33	sin referencia
SUMINISTRO E INSTALACIÓN RED DE ALCANTARILLADO PVC	Tubería NOVAFORT 4" Hex (6,5-7,5)m	ML	3049447.29860796					0.33	sin referencia
SUMINISTRO E INSTALACIÓN RED DE ALCANTARILLADO PVC	Tubería NOVAFORT 4" Hex (7,5-8,5)m	ML	3480028.90399949					0.33	sin referencia
SUMINISTRO E INSTALACIÓN RED DE ALCANTARILLADO PVC	Tubería NOVAFORT 4" Hex (8,5-9,5)m	ML	3910610.50939102					0.33	sin referencia
SUMINISTRO E INSTALACIÓN RED DE ALCANTARILLADO PVC	Tubería NOVAFORT 4" Hex (9,5-10,5)m	ML	4341192.11478255					0.44	sin referencia
SUMINISTRO E INSTALACIÓN RED DE ALCANTARILLADO PVC	Tubería NOVAFORT 6" Hex (0-1,5)m	ML	315199.052319491					0.33	sin referencia
SUMINISTRO E INSTALACIÓN RED DE ALCANTARILLADO PVC	Tubería NOVAFORT 6" Hex (1,5-2,5)m	ML	568216.494324524					0.33	sin referencia
SUMINISTRO E INSTALACIÓN RED DE ALCANTARILLADO PVC	Tubería NOVAFORT 6" Hex (2,5-3,5)m	ML	861669.599279279					0.33	sin referencia
SUMINISTRO E INSTALACIÓN RED DE ALCANTARILLADO PVC	Tubería NOVAFORT 6" Hex (3,5-4,5)m	ML	1786960.87317298					0.33	sin referencia
SUMINISTRO E INSTALACIÓN RED DE ALCANTARILLADO PVC	Tubería NOVAFORT 6" Hex (4,5-5,5)m	ML	2217542.47856451					0.33	sin referencia
SUMINISTRO E INSTALACIÓN RED DE ALCANTARILLADO PVC	Tubería NOVAFORT 6" Hex (5,5-6,5)m	ML	2648124.08395604					0.33	sin referencia
SUMINISTRO E INSTALACIÓN RED DE ALCANTARILLADO PVC	Tubería NOVAFORT 6" Hex (6,5-7,5)m	ML	3078705.68934757					0.33	sin referencia
SUMINISTRO E INSTALACIÓN RED DE ALCANTARILLADO PVC	Tubería NOVAFORT 6" Hex (7,5-8,5)m	ML	3509287.2947391					0.33	sin referencia
SUMINISTRO E INSTALACIÓN RED DE ALCANTARILLADO PVC	Tubería NOVAFORT 6" Hex (8,5-9,5)m	ML	3939868.90013063					0.33	sin referencia
SUMINISTRO E INSTALACIÓN RED DE ALCANTARILLADO PVC	Tubería NOVAFORT 6" Hex (9,5-10,5)m	ML	4370450.50552215					0.44	sin referencia
SUMINISTRO E INSTALACIÓN RED DE ALCANTARILLADO PVC	Tubería NOVAFORT 8" Hex (0-1,5)m	ML	344538.431876397					0.33	sin referencia
SUMINISTRO E INSTALACIÓN RED DE ALCANTARILLADO PVC	Tubería NOVAFORT 8" Hex (1,5-2,5)m	ML	594366.205820989					0.33	sin referencia
SUMINISTRO E INSTALACIÓN RED DE ALCANTARILLADO PVC	Tubería NOVAFORT 8" Hex (2,5-3,5)m	ML	887965.485572329					0.33	sin referencia
SUMINISTRO E INSTALACIÓN RED DE ALCANTARILLADO PVC	Tubería NOVAFORT 8" Hex (3,5-4,5)m	ML	1813402.93426261					0.33	sin referencia
SUMINISTRO E INSTALACIÓN RED DE ALCANTARILLADO PVC	Tubería NOVAFORT 8" Hex (4,5-5,5)m	ML	2243984.53965414					0.33	sin referencia
SUMINISTRO E INSTALACIÓN RED DE ALCANTARILLADO PVC	Tubería NOVAFORT 8" Hex (5,5-6,5)m	ML	2674566.14504567					0.33	sin referencia
SUMINISTRO E INSTALACIÓN RED DE ALCANTARILLADO PVC	Tubería NOVAFORT 8" Hex (6,5-7,5)m	ML	3105147.7504372					0.33	sin referencia
SUMINISTRO E INSTALACIÓN RED DE ALCANTARILLADO PVC	Tubería NOVAFORT 8" Hex (7,5-8,5)m	ML	3535729.35582873					0.33	sin referencia
SUMINISTRO E INSTALACIÓN RED DE ALCANTARILLADO PVC	Tubería NOVAFORT 8" Hex (8,5-9,5)m	ML	3966310.96122026					0.33	sin referencia
SUMINISTRO E INSTALACIÓN RED DE ALCANTARILLADO PVC	Tubería NOVAFORT 8" Hex (9,5-10,5)m	ML	4396892.56661179					0.44	sin referencia
SUMINISTRO E INSTALACIÓN RED DE ALCANTARILLADO PVC	Tubería NOVAFORT 10" Hex (0-1,5)m	ML	383216.061558182					0.44	sin referencia
SUMINISTRO E INSTALACIÓN RED DE ALCANTARILLADO PVC	Tubería NOVAFORT 10" Hex (1,5-2,5)m	ML	629699.851234602					0.44	sin referencia
SUMINISTRO E INSTALACIÓN RED DE ALCANTARILLADO PVC	Tubería NOVAFORT 10" Hex (2,5-3,5)m	ML	923445.305782525					0.44	sin referencia
SUMINISTRO E INSTALACIÓN RED DE ALCANTARILLADO PVC	Tubería NOVAFORT 10" Hex (3,5-4,5)m	ML	1849028.92926939					0.44	sin referencia
SUMINISTRO E INSTALACIÓN RED DE ALCANTARILLADO PVC	Tubería NOVAFORT 10" Hex (4,5-5,5)m	ML	2279610.53466092					0.44	sin referencia
SUMINISTRO E INSTALACIÓN RED DE ALCANTARILLADO PVC	Tubería NOVAFORT 10" Hex (5,5-6,5)m	ML	2710192.14005245					0.44	sin referencia
SUMINISTRO E INSTALACIÓN RED DE ALCANTARILLADO PVC	Tubería NOVAFORT 10" Hex (6,5-7,5)m	ML	3140773.74544398					0.44	sin referencia
SUMINISTRO E INSTALACIÓN RED DE ALCANTARILLADO PVC	Tubería NOVAFORT 10" Hex (7,5-8,5)m	ML	3571355.35083551					0.44	sin referencia
SUMINISTRO E INSTALACIÓN RED DE ALCANTARILLADO PVC	Tubería NOVAFORT 10" Hex (8,5-9,5)m	ML	4001936.95622704					0.44	sin referencia
SUMINISTRO E INSTALACIÓN RED DE ALCANTARILLADO PVC	Tubería NOVAFORT 10" Hex (9,5-10,5)m	ML	4432518.56161857	TUBERÍA HDPE 10" (SUMINISTRO E INSTALACIÓN)	ML	280316	15.81	0.6	caro frente a IDU
SUMINISTRO E INSTALACIÓN RED DE ALCANTARILLADO PVC	Tubería NOVAFORT 12" Hex (0-1,5)m	ML	432473.62022382					0.44	sin referencia
SUMINISTRO E INSTALACIÓN RED DE ALCANTARILLADO PVC	Tubería NOVAFORT 12" Hex (1,5-2,5)m	ML	675459.109424337					0.44	sin referencia
SUMINISTRO E INSTALACIÓN RED DE ALCANTARILLADO PVC	Tubería NOVAFORT 12" Hex (2,5-3,5)m	ML	969350.738768845					0.44	sin referencia
SUMINISTRO E INSTALACIÓN RED DE ALCANTARILLADO PVC	Tubería NOVAFORT 12" Hex (3,5-4,5)m	ML	1895080.5370523					0.44	sin referencia
SUMINISTRO E INSTALACIÓN RED DE ALCANTARILLADO PVC	Tubería NOVAFORT 12" Hex (4,5-5,5)m	ML	2325662.14244383					0.44	sin referencia
SUMINISTRO E INSTALACIÓN RED DE ALCANTARILLADO PVC	Tubería NOVAFORT 12" Hex (5,5-6,5)m	ML	2756243.74783536					0.44	sin referencia
SUMINISTRO E INSTALACIÓN RED DE ALCANTARILLADO PVC	Tubería NOVAFORT 12" Hex (6,5-7,5)m	ML	3186825.35322688					0.44	sin referencia
SUMINISTRO E INSTALACIÓN RED DE ALCANTARILLADO PVC	Tubería NOVAFORT 12" Hex (7,5-8,5)m	ML	3617406.95861841					0.44	sin referencia
SUMINISTRO E INSTALACIÓN RED DE ALCANTARILLADO PVC	Tubería NOVAFORT 12" Hex (8,5-9,5)m	ML	4047988.56400994					0.44	sin referencia
SUMINISTRO E INSTALACIÓN RED DE ALCANTARILLADO PVC	Tubería NOVAFORT 12" Hex (9,5-10,5)m	ML	4478570.16940147					0.4	sin referencia
SUMINISTRO E INSTALACIÓN RED DE ALCANTARILLADO PVC	Tubería NOVAFORT 14" Hex (0-1,5)m	ML	512339.443065156					0.44	sin referencia
SUMINISTRO E INSTALACIÓN RED DE ALCANTARILLADO PVC	Tubería NOVAFORT 14" Hex (1,5-2,5)m	ML	745382.989170329					0.44	sin referencia
SUMINISTRO E INSTALACIÓN RED DE ALCANTARILLADO PVC	Tubería NOVAFORT 14" Hex (2,5-3,5)m	ML	1039420.79331142					0.44	sin referencia
SUMINISTRO E INSTALACIÓN RED DE ALCANTARILLADO PVC	Tubería NOVAFORT 14" Hex (3,5-4,5)m	ML	1965296.76639146					0.44	sin referencia
SUMINISTRO E INSTALACIÓN RED DE ALCANTARILLADO PVC	Tubería NOVAFORT 14" Hex (4,5-5,5)m	ML	2395878.37178299					0.44	sin referencia
SUMINISTRO E INSTALACIÓN RED DE ALCANTARILLADO PVC	Tubería NOVAFORT 14" Hex (5,5-6,5)m	ML	2826459.97717451					0.44	sin referencia
SUMINISTRO E INSTALACIÓN RED DE ALCANTARILLADO PVC	Tubería NOVAFORT 14" Hex (6,5-7,5)m	ML	3257041.58256604					0.44	sin referencia
SUMINISTRO E INSTALACIÓN RED DE ALCANTARILLADO PVC	Tubería NOVAFORT 14" Hex (7,5-8,5)m	ML	3687623.18795757					0.44	sin referencia
SUMINISTRO E INSTALACIÓN RED DE ALCANTARILLADO PVC	Tubería NOVAFORT 14" Hex (8,5-9,5)m	ML	4118204.7933491					0.44	sin referencia
SUMINISTRO E INSTALACIÓN RED DE ALCANTARILLADO PVC	Tubería NOVAFORT 14" Hex (9,5-10,5)m	ML	4548786.39874063					0.4	sin referencia
SUMINISTRO E INSTALACIÓN RED DE ALCANTARILLADO PVC	Tubería NOVAFORT 16" Hex (0-1,5)m	ML	591188.830011813					0.44	sin referencia
SUMINISTRO E INSTALACIÓN RED DE ALCANTARILLADO PVC	Tubería NOVAFORT 16" Hex (1,5-2,5)m	ML	832018.456495021					0.44	sin referencia
SUMINISTRO E INSTALACIÓN RED DE ALCANTARILLADO PVC	Tubería NOVAFORT 16" Hex (2,5-3,5)m	ML	1148693.74157314					0.44	sin referencia
SUMINISTRO E INSTALACIÓN RED DE ALCANTARILLADO PVC	Tubería NOVAFORT 16" Hex (3,5-4,5)m	ML	2041834.76305192					0.44	sin referencia
SUMINISTRO E INSTALACIÓN RED DE ALCANTARILLADO PVC	Tubería NOVAFORT 16" Hex (4,5-5,5)m	ML	2479910.91275104					0.44	sin referencia
SUMINISTRO E INSTALACIÓN RED DE ALCANTARILLADO PVC	Tubería NOVAFORT 16" Hex (5,5-6,5)m	ML	2917987.06245016					0.44	sin referencia
SUMINISTRO E INSTALACIÓN RED DE ALCANTARILLADO PVC	Tubería NOVAFORT 16" Hex (6,5-7,5)m	ML	3356063.21214928					0.44	sin referencia
SUMINISTRO E INSTALACIÓN RED DE ALCANTARILLADO PVC	Tubería NOVAFORT 16" Hex (7,5-8,5)m	ML	3794139.3618484					0.44	sin referencia
SUMINISTRO E INSTALACIÓN RED DE ALCANTARILLADO PVC	Tubería NOVAFORT 16" Hex (8,5-9,5)m	ML	4232215.51154752					0.44	sin referencia
SUMINISTRO E INSTALACIÓN RED DE ALCANTARILLADO PVC	Tubería NOVAFORT 16" Hex (9,5-10,5)m	ML	4670291.66124664					0.4	sin referencia
SUMINISTRO E INSTALACIÓN RED DE ALCANTARILLADO PVC	Tubería NOVAFORT 18" Hex (0-1,5)m	ML	679041.848544405					0.33	sin referencia
SUMINISTRO E INSTALACIÓN RED DE ALCANTARILLADO PVC	Tubería NOVAFORT 18" Hex (1,5-2,5)m	ML	919446.357699748					0.33	sin referencia
SUMINISTRO E INSTALACIÓN RED DE ALCANTARILLADO PVC	Tubería NOVAFORT 18" Hex (2,5-3,5)m	ML	1243823.26804728					0.33	sin referencia
SUMINISTRO E INSTALACIÓN RED DE ALCANTARILLADO PVC	Tubería NOVAFORT 18" Hex (3,5-4,5)m	ML	2144458.83383365					0.33	sin referencia
SUMINISTRO E INSTALACIÓN RED DE ALCANTARILLADO PVC	Tubería NOVAFORT 18" Hex (4,5-5,5)m	ML	2590029.52784036					0.33	sin referencia
SUMINISTRO E INSTALACIÓN RED DE ALCANTARILLADO PVC	Tubería NOVAFORT 18" Hex (5,5-6,5)m	ML	3035600.22184708					0.33	sin referencia
SUMINISTRO E INSTALACIÓN RED DE ALCANTARILLADO PVC	Tubería NOVAFORT 18" Hex (6,5-7,5)m	ML	3481170.91585379					0.33	sin referencia
SUMINISTRO E INSTALACIÓN RED DE ALCANTARILLADO PVC	Tubería NOVAFORT 18" Hex (7,5-8,5)m	ML	3926741.6098605					0.33	sin referencia
SUMINISTRO E INSTALACIÓN RED DE ALCANTARILLADO PVC	Tubería NOVAFORT 18" Hex (8,5-9,5)m	ML	4372312.30386721					0.33	sin referencia
SUMINISTRO E INSTALACIÓN RED DE ALCANTARILLADO PVC	Tubería NOVAFORT 18" Hex (9,5-10,5)m	ML	4817882.99787392					0.4	sin referencia
SUMINISTRO E INSTALACIÓN RED DE ALCANTARILLADO PVC	Tubería NOVAFORT 20" Hex (0-1,5)m	ML	790719.755778866					0.33	sin referencia
SUMINISTRO E INSTALACIÓN RED DE ALCANTARILLADO PVC	Tubería NOVAFORT 20" Hex (1,5-2,5)m	ML	1030104.7618226					0.33	sin referencia
SUMINISTRO E INSTALACIÓN RED DE ALCANTARILLADO PVC	Tubería NOVAFORT 20" Hex (2,5-3,5)m	ML	1362183.29743955					0.33	sin referencia
SUMINISTRO E INSTALACIÓN RED DE ALCANTARILLADO PVC	Tubería NOVAFORT 20" Hex (3,5-4,5)m	ML	2270313.40753351					0.33	sin referencia
SUMINISTRO E INSTALACIÓN RED DE ALCANTARILLADO PVC	Tubería NOVAFORT 20" Hex (4,5-5,5)m	ML	2723378.64584782					0.33	sin referencia
SUMINISTRO E INSTALACIÓN RED DE ALCANTARILLADO PVC	Tubería NOVAFORT 20" Hex (5,5-6,5)m	ML	3176443.88416212					0.33	sin referencia
SUMINISTRO E INSTALACIÓN RED DE ALCANTARILLADO PVC	Tubería NOVAFORT 20" Hex (6,5-7,5)m	ML	3629509.12247642					0.33	sin referencia
SUMINISTRO E INSTALACIÓN RED DE ALCANTARILLADO PVC	Tubería NOVAFORT 20" Hex (7,5-8,5)m	ML	4082574.36079072					0.33	sin referencia
SUMINISTRO E INSTALACIÓN RED DE ALCANTARILLADO PVC	Tubería NOVAFORT 20" Hex (8,5-9,5)m	ML	4535639.59910502					0.33	sin referencia
SUMINISTRO E INSTALACIÓN RED DE ALCANTARILLADO PVC	Tubería NOVAFORT 20" Hex (9,5-10,5)m	ML	4988704.83741933					0.4	sin referencia
SUMINISTRO E INSTALACIÓN RED DE ALCANTARILLADO PVC	Tubería NOVAFORT 24" Hex (0-1,5)m	ML	980242.400317368					0.36	sin referencia
SUMINISTRO E INSTALACIÓN RED DE ALCANTARILLADO PVC	Tubería NOVAFORT 24" Hex (1,5-2,5)m	ML	1221434.94385619					0.36	sin referencia
SUMINISTRO E INSTALACIÓN RED DE ALCANTARILLADO PVC	Tubería NOVAFORT 24" Hex (2,5-3,5)m	ML	1576399.76449307					0.36	sin referencia
SUMINISTRO E INSTALACIÓN RED DE ALCANTARILLADO PVC	Tubería NOVAFORT 24" Hex (3,5-4,5)m	ML	2507013.50750981					0.36	sin referencia
SUMINISTRO E INSTALACIÓN RED DE ALCANTARILLADO PVC	Tubería NOVAFORT 24" Hex (4,5-5,5)m	ML	2982562.37874688					0.36	sin referencia
SUMINISTRO E INSTALACIÓN RED DE ALCANTARILLADO PVC	Tubería NOVAFORT 24" Hex (5,5-6,5)m	ML	3458111.24998396					0.36	sin referencia
SUMINISTRO E INSTALACIÓN RED DE ALCANTARILLADO PVC	Tubería NOVAFORT 24" Hex (6,5-7,5)m	ML	3933660.12122103					0.36	sin referencia
SUMINISTRO E INSTALACIÓN RED DE ALCANTARILLADO PVC	Tubería NOVAFORT 24" Hex (7,5-8,5)m	ML	4409208.99245811					0.36	sin referencia
SUMINISTRO E INSTALACIÓN RED DE ALCANTARILLADO PVC	Tubería NOVAFORT 24" Hex (8,5-9,5)m	ML	4884757.86369518					0.36	sin referencia
SUMINISTRO E INSTALACIÓN RED DE ALCANTARILLADO PVC	Tubería NOVAFORT 24" Hex (9,5-10,5)m	ML	5360306.73493226					0.4	sin referencia
SUMINISTRO E INSTALACIÓN RED DE ALCANTARILLADO PVC	Tubería NOVAFORT 27" Hex (0-1,5)m	ML	1108846.49257531					0.36	sin referencia
SUMINISTRO E INSTALACIÓN RED DE ALCANTARILLADO PVC	Tubería NOVAFORT 27" Hex (1,5-2,5)m	ML	1345630.87234202					0.36	sin referencia
SUMINISTRO E INSTALACIÓN RED DE ALCANTARILLADO PVC	Tubería NOVAFORT 27" Hex (2,5-3,5)m	ML	1708309.49948137					0.36	sin referencia
SUMINISTRO E INSTALACIÓN RED DE ALCANTARILLADO PVC	Tubería NOVAFORT 27" Hex (3,5-4,5)m	ML	2646417.78680569					0.36	sin referencia
SUMINISTRO E INSTALACIÓN RED DE ALCANTARILLADO PVC	Tubería NOVAFORT 27" Hex (4,5-5,5)m	ML	3129461.20235036					0.36	sin referencia
SUMINISTRO E INSTALACIÓN RED DE ALCANTARILLADO PVC	Tubería NOVAFORT 27" Hex (5,5-6,5)m	ML	3612504.61789502					0.36	sin referencia
SUMINISTRO E INSTALACIÓN RED DE ALCANTARILLADO PVC	Tubería NOVAFORT 27" Hex (6,5-7,5)m	ML	4095548.03343969					0.36	sin referencia
SUMINISTRO E INSTALACIÓN RED DE ALCANTARILLADO PVC	Tubería NOVAFORT 27" Hex (7,5-8,5)m	ML	4578591.44898436					0.36	sin referencia
SUMINISTRO E INSTALACIÓN RED DE ALCANTARILLADO PVC	Tubería NOVAFORT 27" Hex (8,5-9,5)m	ML	5061634.86452902					0.36	sin referencia
SUMINISTRO E INSTALACIÓN RED DE ALCANTARILLADO PVC	Tubería NOVAFORT 27" Hex (9,5-10,5)m	ML	5544678.28007369					0.4	sin referencia
SUMINISTRO E INSTALACIÓN RED DE ALCANTARILLADO PVC	Tubería NOVAFORT 30" Hex (0-1,5)m	ML	1324487.41380429					0.33	sin referencia
SUMINISTRO E INSTALACIÓN RED DE ALCANTARILLADO PVC	Tubería NOVAFORT 30" Hex (1,5-2,5)m	ML	1575384.62228247					0.33	sin referencia
SUMINISTRO E INSTALACIÓN RED DE ALCANTARILLADO PVC	Tubería NOVAFORT 30" Hex (2,5-3,5)m	ML	1975755.23315465					0.33	sin referencia
SUMINISTRO E INSTALACIÓN RED DE ALCANTARILLADO PVC	Tubería NOVAFORT 30" Hex (3,5-4,5)m	ML	2951336.24201693					0.33	sin referencia
SUMINISTRO E INSTALACIÓN RED DE ALCANTARILLADO PVC	Tubería NOVAFORT 30" Hex (4,5-5,5)m	ML	3471852.37909955					0.33	sin referencia
SUMINISTRO E INSTALACIÓN RED DE ALCANTARILLADO PVC	Tubería NOVAFORT 30" Hex (5,5-6,5)m	ML	3992368.51618217					0.33	sin referencia
SUMINISTRO E INSTALACIÓN RED DE ALCANTARILLADO PVC	Tubería NOVAFORT 30" Hex (6,5-7,5)m	ML	4512884.65326479					0.33	sin referencia
SUMINISTRO E INSTALACIÓN RED DE ALCANTARILLADO PVC	Tubería NOVAFORT 30" Hex (7,5-8,5)m	ML	5033400.79034741					0.33	sin referencia
SUMINISTRO E INSTALACIÓN RED DE ALCANTARILLADO PVC	Tubería NOVAFORT 30" Hex (8,5-9,5)m	ML	5553916.92743003					0.33	sin referencia
SUMINISTRO E INSTALACIÓN RED DE ALCANTARILLADO PVC	Tubería NOVAFORT 30" Hex (9,5-10,5)m	ML	6074433.06451265					0.4	sin referencia
SUMINISTRO E INSTALACIÓN RED DE ALCANTARILLADO PVC	Tubería NOVAFORT 33" Hex (0-1,5)m	ML	1612898.45421934					0.29	sin referencia
SUMINISTRO E INSTALACIÓN RED DE ALCANTARILLADO PVC	Tubería NOVAFORT 33" Hex (1,5-2,5)m	ML	1856829.25190397					0.29	sin referencia
SUMINISTRO E INSTALACIÓN RED DE ALCANTARILLADO PVC	Tubería NOVAFORT 33" Hex (2,5-3,5)m	ML	2264913.66927861					0.29	sin referencia
SUMINISTRO E INSTALACIÓN RED DE ALCANTARILLADO PVC	Tubería NOVAFORT 33" Hex (3,5-4,5)m	ML	3247989.22244848					0.29	sin referencia
SUMINISTRO E INSTALACIÓN RED DE ALCANTARILLADO PVC	Tubería NOVAFORT 33" Hex (4,5-5,5)m	ML	3775999.9038387					0.29	sin referencia
SUMINISTRO E INSTALACIÓN RED DE ALCANTARILLADO PVC	Tubería NOVAFORT 33" Hex (5,5-6,5)m	ML	4304010.58522891					0.29	sin referencia
SUMINISTRO E INSTALACIÓN RED DE ALCANTARILLADO PVC	Tubería NOVAFORT 33" Hex (6,5-7,5)m	ML	4832021.26661912					0.29	sin referencia
SUMINISTRO E INSTALACIÓN RED DE ALCANTARILLADO PVC	Tubería NOVAFORT 33" Hex (7,5-8,5)m	ML	5360031.94800933					0.29	sin referencia
SUMINISTRO E INSTALACIÓN RED DE ALCANTARILLADO PVC	Tubería NOVAFORT 33" Hex (8,5-9,5)m	ML	5888042.62939955					0.29	sin referencia
SUMINISTRO E INSTALACIÓN RED DE ALCANTARILLADO PVC	Tubería NOVAFORT 33" Hex (9,5-10,5)m	ML	6416053.31078976					0.4	sin referencia
SUMINISTRO E INSTALACIÓN RED DE ALCANTARILLADO PVC	Tubería NOVAFORT 36" Hex (0-1,5)m	ML	2066246.42634462					0.36	sin referencia
SUMINISTRO E INSTALACIÓN RED DE ALCANTARILLADO PVC	Tubería NOVAFORT 36" Hex (1,5-2,5)m	ML	2306765.22971814					0.36	sin referencia
SUMINISTRO E INSTALACIÓN RED DE ALCANTARILLADO PVC	Tubería NOVAFORT 36" Hex (2,5-3,5)m	ML	2730057.99790284					0.36	sin referencia
SUMINISTRO E INSTALACIÓN RED DE ALCANTARILLADO PVC	Tubería NOVAFORT 36" Hex (3,5-4,5)m	ML	3728122.6396879					0.36	sin referencia
SUMINISTRO E INSTALACIÓN RED DE ALCANTARILLADO PVC	Tubería NOVAFORT 36" Hex (4,5-5,5)m	ML	4271122.40969329					0.36	sin referencia
SUMINISTRO E INSTALACIÓN RED DE ALCANTARILLADO PVC	Tubería NOVAFORT 36" Hex (5,5-6,5)m	ML	4814122.17969869					0.36	sin referencia
SUMINISTRO E INSTALACIÓN RED DE ALCANTARILLADO PVC	Tubería NOVAFORT 36" Hex (6,5-7,5)m	ML	5357121.94970408					0.36	sin referencia
SUMINISTRO E INSTALACIÓN RED DE ALCANTARILLADO PVC	Tubería NOVAFORT 36" Hex (7,5-8,5)m	ML	5900121.71970947					0.36	sin referencia
SUMINISTRO E INSTALACIÓN RED DE ALCANTARILLADO PVC	Tubería NOVAFORT 36" Hex (8,5-9,5)m	ML	6443121.48971487					0.36	sin referencia
SUMINISTRO E INSTALACIÓN RED DE ALCANTARILLADO PVC	Tubería NOVAFORT 36" Hex (9,5-10,5)m	ML	6986121.25972026					0.4	sin referencia
SUMINISTRO E INSTALACIÓN RED DE ALCANTARILLADO PVC	Tubería NOVAFORT 39" Hex (0-1,5)m	ML	2601505.49474635					0.29	sin referencia
SUMINISTRO E INSTALACIÓN RED DE ALCANTARILLADO PVC	Tubería NOVAFORT 39" Hex (1,5-2,5)m	ML	2837333.18029805					0.29	sin referencia
SUMINISTRO E INSTALACIÓN RED DE ALCANTARILLADO PVC	Tubería NOVAFORT 39" Hex (2,5-3,5)m	ML	3275834.29929281					0.29	sin referencia
SUMINISTRO E INSTALACIÓN RED DE ALCANTARILLADO PVC	Tubería NOVAFORT 39" Hex (3,5-4,5)m	ML	4288888.02969304					0.29	sin referencia
SUMINISTRO E INSTALACIÓN RED DE ALCANTARILLADO PVC	Tubería NOVAFORT 39" Hex (4,5-5,5)m	ML	4846876.88831362					0.29	sin referencia
SUMINISTRO E INSTALACIÓN RED DE ALCANTARILLADO PVC	Tubería NOVAFORT 39" Hex (5,5-6,5)m	ML	5404865.7469342					0.29	sin referencia
SUMINISTRO E INSTALACIÓN RED DE ALCANTARILLADO PVC	Tubería NOVAFORT 39" Hex (6,5-7,5)m	ML	5962854.60555477					0.29	sin referencia
SUMINISTRO E INSTALACIÓN RED DE ALCANTARILLADO PVC	Tubería NOVAFORT 39" Hex (7,5-8,5)m	ML	6520843.46417535					0.29	sin referencia
SUMINISTRO E INSTALACIÓN RED DE ALCANTARILLADO PVC	Tubería NOVAFORT 39" Hex (8,5-9,5)m	ML	7078832.32279592					0.29	sin referencia
SUMINISTRO E INSTALACIÓN RED DE ALCANTARILLADO PVC	Tubería NOVAFORT 39" Hex (9,5-10,5)m	ML	7636821.1814165					0.4	sin referencia
SUMINISTRO E INSTALACIÓN RED DE ALCANTARILLADO PVC	Tubería NOVAFORT 42" Hex (0-1,5)m	ML	2971276.01263524					0.29	sin referencia
SUMINISTRO E INSTALACIÓN RED DE ALCANTARILLADO PVC	Tubería NOVAFORT 42" Hex (1,5-2,5)m	ML	3197231.82890456					0.29	sin referencia
SUMINISTRO E INSTALACIÓN RED DE ALCANTARILLADO PVC	Tubería NOVAFORT 42" Hex (2,5-3,5)m	ML	3643446.75440178					0.29	sin referencia
SUMINISTRO E INSTALACIÓN RED DE ALCANTARILLADO PVC	Tubería NOVAFORT 42" Hex (3,5-4,5)m	ML	4663995.02910961					0.29	sin referencia
SUMINISTRO E INSTALACIÓN RED DE ALCANTARILLADO PVC	Tubería NOVAFORT 42" Hex (4,5-5,5)m	ML	5229478.43203778					0.29	sin referencia
SUMINISTRO E INSTALACIÓN RED DE ALCANTARILLADO PVC	Tubería NOVAFORT 42" Hex (5,5-6,5)m	ML	5794961.83496594					0.29	sin referencia
SUMINISTRO E INSTALACIÓN RED DE ALCANTARILLADO PVC	Tubería NOVAFORT 42" Hex (6,5-7,5)m	ML	6360445.23789411					0.29	sin referencia
SUMINISTRO E INSTALACIÓN RED DE ALCANTARILLADO PVC	Tubería NOVAFORT 42" Hex (7,5-8,5)m	ML	6925928.64082228					0.29	sin referencia
SUMINISTRO E INSTALACIÓN RED DE ALCANTARILLADO PVC	Tubería NOVAFORT 42" Hex (8,5-9,5)m	ML	7491412.04375044					0.29	sin referencia
SUMINISTRO E INSTALACIÓN RED DE ALCANTARILLADO PVC	Tubería NOVAFORT 42" Hex (9,5-10,5)m	ML	8056895.44667861					0.4	sin referencia
SUMINISTRO E INSTALACIÓN RED DE ALCANTARILLADO PVC	Tubería NOVALOC 45" Hex (0-1,5)m	ML	3413682.07979392					0.29	sin referencia
SUMINISTRO E INSTALACIÓN RED DE ALCANTARILLADO PVC	Tubería NOVALOC 45" Hex (1,5-2,5)m	ML	3632621.5092308					0.29	sin referencia
SUMINISTRO E INSTALACIÓN RED DE ALCANTARILLADO PVC	Tubería NOVALOC 45" Hex (2,5-3,5)m	ML	4094044.78553809					0.29	sin referencia
SUMINISTRO E INSTALACIÓN RED DE ALCANTARILLADO PVC	Tubería NOVALOC 45" Hex (3,5-4,5)m	ML	5129582.1488611					0.29	sin referencia
SUMINISTRO E INSTALACIÓN RED DE ALCANTARILLADO PVC	Tubería NOVALOC 45" Hex (4,5-5,5)m	ML	5710054.64040445					0.29	sin referencia
SUMINISTRO E INSTALACIÓN RED DE ALCANTARILLADO PVC	Tubería NOVALOC 45" Hex (5,5-6,5)m	ML	6290527.13194779					0.29	sin referencia
SUMINISTRO E INSTALACIÓN RED DE ALCANTARILLADO PVC	Tubería NOVALOC 45" Hex (6,5-7,5)m	ML	6870999.62349114					0.29	sin referencia
SUMINISTRO E INSTALACIÓN RED DE ALCANTARILLADO PVC	Tubería NOVALOC 45" Hex (7,5-8,5)m	ML	7451472.11503449					0.29	sin referencia
SUMINISTRO E INSTALACIÓN RED DE ALCANTARILLADO PVC	Tubería NOVALOC 45" Hex (8,5-9,5)m	ML	8031944.60657784					0.29	sin referencia
SUMINISTRO E INSTALACIÓN RED DE ALCANTARILLADO PVC	Tubería NOVALOC 45" Hex (9,5-10,5)m	ML	8612417.09812119					0.4	sin referencia
SUMINISTRO E INSTALACIÓN RED DE ALCANTARILLADO PVC	Tubería NOVALOC 48" Hex (0-1,5)m	ML	3978500.94596363					0.36	sin referencia
SUMINISTRO E INSTALACIÓN RED DE ALCANTARILLADO PVC	Tubería NOVALOC 48" Hex (1,5-2,5)m	ML	4185709.1931292					0.36	sin referencia
SUMINISTRO E INSTALACIÓN RED DE ALCANTARILLADO PVC	Tubería NOVALOC 48" Hex (2,5-3,5)m	ML	4654846.27593895					0.36	sin referencia
SUMINISTRO E INSTALACIÓN RED DE ALCANTARILLADO PVC	Tubería NOVALOC 48" Hex (3,5-4,5)m	ML	5697878.18356955					0.36	sin referencia
SUMINISTRO E INSTALACIÓN RED DE ALCANTARILLADO PVC	Tubería NOVALOC 48" Hex (4,5-5,5)m	ML	6285845.21942049					0.36	sin referencia
SUMINISTRO E INSTALACIÓN RED DE ALCANTARILLADO PVC	Tubería NOVALOC 48" Hex (5,5-6,5)m	ML	6873812.25527143					0.36	sin referencia
SUMINISTRO E INSTALACIÓN RED DE ALCANTARILLADO PVC	Tubería NOVALOC 48" Hex (6,5-7,5)m	ML	7461779.29112237					0.36	sin referencia
SUMINISTRO E INSTALACIÓN RED DE ALCANTARILLADO PVC	Tubería NOVALOC 48" Hex (7,5-8,5)m	ML	8049746.32697331					0.36	sin referencia
SUMINISTRO E INSTALACIÓN RED DE ALCANTARILLADO PVC	Tubería NOVALOC 48" Hex (8,5-9,5)m	ML	8637713.36282425					0.36	sin referencia
SUMINISTRO E INSTALACIÓN RED DE ALCANTARILLADO PVC	Tubería NOVALOC 48" Hex (9,5-10,5)m	ML	9225680.39867519					0.4	sin referencia
SUMINISTRO E INSTALACIÓN RED DE ALCANTARILLADO PVC	Tubería NOVALOC 51" Hex (0-1,5)m	ML	4614555.03942522					0.29	sin referencia
SUMINISTRO E INSTALACIÓN RED DE ALCANTARILLADO PVC	Tubería NOVALOC 51" Hex (1,5-2,5)m	ML	4833614.25144002					0.29	sin referencia
SUMINISTRO E INSTALACIÓN RED DE ALCANTARILLADO PVC	Tubería NOVALOC 51" Hex (2,5-3,5)m	ML	5328858.77904238					0.29	sin referencia
SUMINISTRO E INSTALACIÓN RED DE ALCANTARILLADO PVC	Tubería NOVALOC 51" Hex (3,5-4,5)m	ML	6409363.40821093					0.29	sin referencia
SUMINISTRO E INSTALACIÓN RED DE ALCANTARILLADO PVC	Tubería NOVALOC 51" Hex (4,5-5,5)m	ML	7034803.16559983					0.29	sin referencia
SUMINISTRO E INSTALACIÓN RED DE ALCANTARILLADO PVC	Tubería NOVALOC 51" Hex (5,5-6,5)m	ML	7660242.92298872					0.29	sin referencia
SUMINISTRO E INSTALACIÓN RED DE ALCANTARILLADO PVC	Tubería NOVALOC 51" Hex (6,5-7,5)m	ML	8285682.68037762					0.29	sin referencia
SUMINISTRO E INSTALACIÓN RED DE ALCANTARILLADO PVC	Tubería NOVALOC 51" Hex (7,5-8,5)m	ML	8911122.43776651					0.29	sin referencia
SUMINISTRO E INSTALACIÓN RED DE ALCANTARILLADO PVC	Tubería NOVALOC 51" Hex (8,5-9,5)m	ML	9536562.19515541					0.29	sin referencia
SUMINISTRO E INSTALACIÓN RED DE ALCANTARILLADO PVC	Tubería NOVALOC 51" Hex (9,5-10,5)m	ML	10162001.9525443					0.4	sin referencia
SUMINISTRO E INSTALACIÓN RED DE ALCANTARILLADO PVC	Tubería NOVALOC 54" Hex (0-1,5)m	ML	4842742.31880574					0.29	sin referencia
SUMINISTRO E INSTALACIÓN RED DE ALCANTARILLADO PVC	Tubería NOVALOC 54" Hex (1,5-2,5)m	ML	5064200.31811084					0.29	sin referencia
SUMINISTRO E INSTALACIÓN RED DE ALCANTARILLADO PVC	Tubería NOVALOC 54" Hex (2,5-3,5)m	ML	5550470.43563261					0.29	sin referencia
SUMINISTRO E INSTALACIÓN RED DE ALCANTARILLADO PVC	Tubería NOVALOC 54" Hex (3,5-4,5)m	ML	6638469.60910876					0.29	sin referencia
SUMINISTRO E INSTALACIÓN RED DE ALCANTARILLADO PVC	Tubería NOVALOC 54" Hex (4,5-5,5)m	ML	7271403.91080524					0.29	sin referencia
SUMINISTRO E INSTALACIÓN RED DE ALCANTARILLADO PVC	Tubería NOVALOC 54" Hex (5,5-6,5)m	ML	7904338.21250173					0.29	sin referencia
SUMINISTRO E INSTALACIÓN RED DE ALCANTARILLADO PVC	Tubería NOVALOC 54" Hex (6,5-7,5)m	ML	8537272.51419821					0.29	sin referencia
SUMINISTRO E INSTALACIÓN RED DE ALCANTARILLADO PVC	Tubería NOVALOC 54" Hex (7,5-8,5)m	ML	9170206.8158947					0.29	sin referencia
SUMINISTRO E INSTALACIÓN RED DE ALCANTARILLADO PVC	Tubería NOVALOC 54" Hex (8,5-9,5)m	ML	9803141.11759119					0.29	sin referencia
SUMINISTRO E INSTALACIÓN RED DE ALCANTARILLADO PVC	Tubería NOVALOC 54" Hex (9,5-10,5)m	ML	10436075.4192877					0.4	sin referencia
SUMINISTRO E INSTALACIÓN RED DE ALCANTARILLADO PVC	Tubería NOVALOC 57" Hex (0-1,5)m	ML	5058626.14323046					0.29	sin referencia
SUMINISTRO E INSTALACIÓN RED DE ALCANTARILLADO PVC	Tubería NOVALOC 57" Hex (1,5-2,5)m	ML	5284881.71711616					0.29	sin referencia
SUMINISTRO E INSTALACIÓN RED DE ALCANTARILLADO PVC	Tubería NOVALOC 57" Hex (2,5-3,5)m	ML	5769196.75198126					0.29	sin referencia
SUMINISTRO E INSTALACIÓN RED DE ALCANTARILLADO PVC	Tubería NOVALOC 57" Hex (3,5-4,5)m	ML	6872185.01407259					0.29	sin referencia
SUMINISTRO E INSTALACIÓN RED DE ALCANTARILLADO PVC	Tubería NOVALOC 57" Hex (4,5-5,5)m	ML	7520108.40438426					0.29	sin referencia
SUMINISTRO E INSTALACIÓN RED DE ALCANTARILLADO PVC	Tubería NOVALOC 57" Hex (5,5-6,5)m	ML	8168031.79469593					0.29	sin referencia
SUMINISTRO E INSTALACIÓN RED DE ALCANTARILLADO PVC	Tubería NOVALOC 57" Hex (6,5-7,5)m	ML	8815955.18500759					0.29	sin referencia
SUMINISTRO E INSTALACIÓN RED DE ALCANTARILLADO PVC	Tubería NOVALOC 57" Hex (7,5-8,5)m	ML	9463878.57531926					0.29	sin referencia
SUMINISTRO E INSTALACIÓN RED DE ALCANTARILLADO PVC	Tubería NOVALOC 57" Hex (8,5-9,5)m	ML	10111801.9656309					0.29	sin referencia
SUMINISTRO E INSTALACIÓN RED DE ALCANTARILLADO PVC	Tubería NOVALOC 57" Hex (9,5-10,5)m	ML	10759725.3559426					0.4	sin referencia
SUMINISTRO E INSTALACIÓN RED DE ALCANTARILLADO PVC	Tubería NOVALOC 60" Hex (0-1,5)m	ML	5645428.21781822					0.36	sin referencia
SUMINISTRO E INSTALACIÓN RED DE ALCANTARILLADO PVC	Tubería NOVALOC 60" Hex (1,5-2,5)m	ML	5874082.57899422					0.36	sin referencia
SUMINISTRO E INSTALACIÓN RED DE ALCANTARILLADO PVC	Tubería NOVALOC 60" Hex (2,5-3,5)m	ML	6347563.89078979					0.36	sin referencia
SUMINISTRO E INSTALACIÓN RED DE ALCANTARILLADO PVC	Tubería NOVALOC 60" Hex (3,5-4,5)m	ML	7458046.69718871					0.36	sin referencia
SUMINISTRO E INSTALACIÓN RED DE ALCANTARILLADO PVC	Tubería NOVALOC 60" Hex (4,5-5,5)m	ML	8113464.63180797					0.36	sin referencia
SUMINISTRO E INSTALACIÓN RED DE ALCANTARILLADO PVC	Tubería NOVALOC 60" Hex (5,5-6,5)m	ML	8768882.56642723					0.36	sin referencia
SUMINISTRO E INSTALACIÓN RED DE ALCANTARILLADO PVC	Tubería NOVALOC 60" Hex (6,5-7,5)m	ML	9424300.50104648					0.36	sin referencia
SUMINISTRO E INSTALACIÓN RED DE ALCANTARILLADO PVC	Tubería NOVALOC 60" Hex (7,5-8,5)m	ML	10079718.4356657					0.36	sin referencia
SUMINISTRO E INSTALACIÓN RED DE ALCANTARILLADO PVC	Tubería NOVALOC 60" Hex (8,5-9,5)m	ML	10735136.370285					0.36	sin referencia
SUMINISTRO E INSTALACIÓN RED DE ALCANTARILLADO PVC	Tubería NOVALOC 60" Hex (9,5-10,5)m	ML	11390554.3049043					0.4	sin referencia
SUMINISTRO RED DE ALCANTARILLADO CONCRETO	Tubería CSR 8"	ML	127982					0.4	sin referencia
SUMINISTRO RED DE ALCANTARILLADO CONCRETO	Tubería CSR 10"	ML	114754.176010462					0.5	sin referencia
SUMINISTRO RED DE ALCANTARILLADO CONCRETO	Tubería CSR 12"	ML	301911					0.5	sin referencia
SUMINISTRO RED DE ALCANTARILLADO CONCRETO	Tubería CSR 14"	ML	194435.985029737					0.5	sin referencia
SUMINISTRO RED DE ALCANTARILLADO CONCRETO	Tubería CSR 16"	ML	252987.414364138					0.5	sin referencia
SUMINISTRO RED DE ALCANTARILLADO CONCRETO	Tubería CSR 18"	ML	315153					0.36	sin referencia
SUMINISTRO RED DE ALCANTARILLADO CONCRETO	Tubería CSR 20"	ML	403869					0.36	sin referencia
SUMINISTRO RED DE ALCANTARILLADO CONCRETO	Tubería CSR 24"	ML	817846					0.4	sin referencia
SUMINISTRO RED DE ALCANTARILLADO CONCRETO	Tubería CER 8"	ML	127982					0.4	sin referencia
SUMINISTRO RED DE ALCANTARILLADO CONCRETO	Tubería CER 10"	ML	280316					0.5	sin referencia
SUMINISTRO RED DE ALCANTARILLADO CONCRETO	Tubería CER 12"	ML	301911					0.5	sin referencia
SUMINISTRO RED DE ALCANTARILLADO CONCRETO	Tubería CER 14"	ML	435500					0.5	sin referencia
SUMINISTRO RED DE ALCANTARILLADO CONCRETO	Tubería CER 16"	ML	679962					0.5	sin referencia
SUMINISTRO RED DE ALCANTARILLADO CONCRETO	Tubería CER 18"	ML	315153					0.36	sin referencia
SUMINISTRO RED DE ALCANTARILLADO CONCRETO	Tubería CER 20"	ML	403869					0.36	sin referencia
SUMINISTRO RED DE ALCANTARILLADO CONCRETO	Tubería CCR 24"	ML	817846					0.4	sin referencia
SUMINISTRO RED DE ALCANTARILLADO CONCRETO	Tubería CCR 27"	ML	991864					0.4	sin referencia
SUMINISTRO RED DE ALCANTARILLADO CONCRETO	Tubería CCR 32"	ML	1203427					0.44	sin referencia
SUMINISTRO RED DE ALCANTARILLADO CONCRETO	Tubería CCR 36"	ML	1512469					0.4	sin referencia
SUMINISTRO RED DE ALCANTARILLADO CONCRETO	Tubería CCR 40"	ML	1874457					0.4	sin referencia
SUMINISTRO RED DE ALCANTARILLADO CONCRETO	Tubería CCR 44"	ML	2121420					0.4	sin referencia
SUMINISTRO RED DE ALCANTARILLADO CONCRETO	Tubería CCR 48"	ML	2515311					0.4	sin referencia
SUMINISTRO RED DE ALCANTARILLADO CONCRETO	Tubería CCR 52"	ML	2826050					0.4	sin referencia
SUMINISTRO RED DE ALCANTARILLADO CONCRETO	Tubería CCR 56"	ML	3199492					0.4	sin referencia
SUMINISTRO RED DE ALCANTARILLADO CONCRETO	Tubería CCR 60"	ML	3580389					0.4	sin referencia
SUMINISTRO RED DE ALCANTARILLADO CONCRETO	Tubería CCR 64"	ML	4007114					0.4	sin referencia
SUMINISTRO RED DE ALCANTARILLADO CONCRETO	Tubería CCR 68"	ML	4483069					0.4	sin referencia
SUMINISTRO RED DE ALCANTARILLADO CONCRETO	Tubería CCR 72"	ML	5014211					0.4	sin referencia
SUMINISTRO RED DE ALCANTARILLADO CONCRETO	Tubería CCR 80"	ML	6210364					0.4	sin referencia
SUMINISTRO RED DE ALCANTARILLADO CONCRETO	Tubería CCR 86"	ML	6969979					0.4	sin referencia
SUMINISTRO RED DE ALCANTARILLADO CONCRETO	Tubería CCR 92"	ML	7803527					0.4	sin referencia
SUMINISTRO RED DE ALCANTARILLADO CONCRETO	Tubería CCR 98"	ML	8836590.46285849					0.33	sin referencia
SUMINISTRO RED DE ALCANTARILLADO CONCRETO	Tubería CCR 110"	ML	10903664.129404					0.33	sin referencia
SUMINISTRO E INSTALACIÓN RED DE ALCANTARILLADO CONCRETO	Tubería CSR 12" Hex (0-1,5)m	ML	444526.101805857					0.44	sin referencia
SUMINISTRO E INSTALACIÓN RED DE ALCANTARILLADO CONCRETO	Tubería CSR 14" Hex (0-1,5)m	ML	504201.880007714					0.44	sin referencia
SUMINISTRO E INSTALACIÓN RED DE ALCANTARILLADO CONCRETO	Tubería CSR 14" Hex (1,5-2,5)m	ML	734010.932896524					0.44	sin referencia
SUMINISTRO E INSTALACIÓN RED DE ALCANTARILLADO CONCRETO	Tubería CSR 16" Hex (1,5-2,5)m	ML	843609.991691312					0.44	sin referencia
SUMINISTRO E INSTALACIÓN RED DE ALCANTARILLADO CONCRETO	Tubería CSR 18" Hex (1,5-2,5)m	ML	939821.906093562					0.33	sin referencia
SUMINISTRO E INSTALACIÓN RED DE ALCANTARILLADO CONCRETO	Tubería CSR 20" Hex (1,5-2,5)m	ML	1017768.3070634					0.33	sin referencia
SUMINISTRO E INSTALACIÓN RED DE ALCANTARILLADO CONCRETO	Tubería CSR 24" Hex (1,5-2,5)m	ML	1211363.69728101					0.36	sin referencia
SUMINISTRO E INSTALACIÓN RED DE ALCANTARILLADO CONCRETO	Tubería CER 12" Hex (0-1,5)m	ML	657981.516511453					0.44	sin referencia
SUMINISTRO E INSTALACIÓN RED DE ALCANTARILLADO CONCRETO	Tubería CER 18" Hex (0-1,5)m	ML	978705.464965887					0.33	sin referencia
SUMINISTRO E INSTALACIÓN RED DE ALCANTARILLADO CONCRETO	Tubería CCR 24" Hex (0-1,5)m	ML	1039466.32603461					0.36	sin referencia
SUMINISTRO E INSTALACIÓN RED DE ALCANTARILLADO CONCRETO	Tubería CCR 24" Hex (1,5-2,5)m	ML	1280041.68656757					0.36	sin referencia
SUMINISTRO E INSTALACIÓN RED DE ALCANTARILLADO CONCRETO	Tubería CCR 27" Hex (1,5-2,5)m	ML	1505351.72637951					0.36	sin referencia
SUMINISTRO E INSTALACIÓN RED DE ALCANTARILLADO CONCRETO	Tubería CCR 30" Hex (0-1,5)m	ML	1529301.90705095					0.33	sin referencia
SUMINISTRO E INSTALACIÓN RED DE ALCANTARILLADO CONCRETO	Tubería CCR 30" Hex (3,5-4,5)m	ML	3164945.93430461					0.33	sin referencia
SUMINISTRO E INSTALACIÓN RED DE ALCANTARILLADO CONCRETO	Tubería CCR 36" Hex (1,5-2,5)m	ML	2052222.18055123					0.36	sin referencia
SUMINISTRO E INSTALACIÓN RED DE ALCANTARILLADO CONCRETO	Tubería CCR 40" Hex (1,5-2,5)m	ML	2391250.96204317					0.36	sin referencia
RED DE MEDIA TENSIÓN	Suministro e instalación Caja de paso en mamposteria según norma CS-276	UN	5742982.28551125	CAJA METÁLICA DE PASO 30CMX30CMX10CM (INCLUYE SUMINISTRO E INSTALACIÓN)	UN	116024	49.5	0.57	caro frente a IDU
RED DE MEDIA TENSIÓN	Suministro e instalación Celda RMU 1 (Entrada: 1 - Salidas: 6). Incluye obra civil	UN	177901953.981893					0.33	sin referencia
RED DE MEDIA TENSIÓN	Suministro e instalación Celda RMU 2 (Entrada: 1 - Salidas: 5). Incluye obra civil	UN	154941033.695121					0.33	sin referencia
RED DE MEDIA TENSIÓN	Suministro e instalación Celda RMU 3 (Entrada: 2 - Salidas: 5). Incluye obra civil	UN	154941033.695121					0.33	sin referencia
RED DE MEDIA TENSIÓN	Suministro e instalación de tubería 9Ф6" TDP (Incluye excavación, retiro de escombros y relleno)	ML	916963.345634154					0.53	sin referencia
RED DE MEDIA TENSIÓN	Suministro e instalación de estructura para poste de MT LA-220	UN	9683376.77434195					0.46	sin referencia
RED DE MEDIA TENSIÓN	Suministro e instalacion de bajante galvanizada de 4"x6m	UN	2783830.12522101	BAJANTE GALVANIZADA TIPO PESADO CONDUIT L=6M, Ø=2". (SUMINISTRO E INSTALACIÓN)	UN	408803	6.81	0.67	caro frente a IDU
RED DE MEDIA TENSIÓN	Suministro e instalación de terminales premoldeados 35 kV Tipo exterior (Juegox3)	JG	2282192.48234975					0	sin referencia
RED DE MEDIA TENSIÓN	Suministro e instalación de codo premoldeado de (200-600)A	UN	3121324.974765					0.55	sin referencia
RED DE MEDIA TENSIÓN	Suministro e instalación de cable 3x185 XLPE Al	ML	229288	CABLE DE MEDIA TENSION XLPE 4/0 ALUMINIO. SUMINISTRO E INSTALACION.	ML	56671	4.05	0.67	caro frente a IDU
RED DE MEDIA TENSIÓN	Ramming 51"	ML	8041534.4854638					0	sin referencia
RED DE MEDIA TENSIÓN	Caja de lanzamiento para red de media tensión	UN	11526743.143464					0.18	sin referencia
RED DE MEDIA TENSIÓN	Caja de llegada para red de media tensión	UN	11526743.143464					0.18	sin referencia
RED DE MEDIA TENSIÓN	Suministro de tubería TDP 6"	ML	93174	TUBERÍA HG Ø1 1/2". (INCLUYE SUMINISTRO E INSTALACIÓN).	ML	45332	2.06	0.57	caro frente a IDU
RED DE MEDIA TENSIÓN	Retiro de estructura de MT según norma LA-212/LA-202/LA-231/LA-206 o similar	UN	149521.4322855					0.17	sin referencia
RED DE MEDIA TENSIÓN	Retiro de Caja de borneras para derivación de acometidas, estructuras de BT o similares	UN	146080.230123867					0.25	sin referencia
RED DE MEDIA TENSIÓN	Retiro de red de MT 3x2ACSR	ML	15265.8184411517					0.4	sin referencia
RED DE ALUMBRADO PÚBLICO	Suministro e instalación Caja de paso en mamposteria según norma CS-274	UN	964228.37537974	CAJA METÁLICA DE PASO 30CMX30CMX10CM (INCLUYE SUMINISTRO E INSTALACIÓN)	UN	116024	8.31	0.57	caro frente a IDU
RED DE ALUMBRADO PÚBLICO	Suministro e instalación Caja de paso en mamposteria según norma CS-275	UN	3192945.91074047	CAJA METÁLICA DE PASO 30CMX30CMX10CM (INCLUYE SUMINISTRO E INSTALACIÓN)	UN	116024	27.52	0.57	caro frente a IDU
RED DE ALUMBRADO PÚBLICO	Suministro e instalación de luminaria LED DECOLED 100 W (Incluye brazo)	UN	3927668.68574674					0.47	sin referencia
RED DE ALUMBRADO PÚBLICO	Suministro e instalación poste de concreto 10 m. Tipo recto AP  (Incluye ahoyada, hincada y plomada)	UN	2071401.95859591					0.5	sin referencia
RED DE ALUMBRADO PÚBLICO	Suministro e instalación poste de concreto 12 m. Tipo recto AP  (Incluye ahoyada, hincada y plomada)	UN	2478929.41871879					0.5	sin referencia
RED DE ALUMBRADO PÚBLICO	Transformador tipo pedestal 30 KVA 11400 / 380 / 220V (Incluye obra civil, cerramiento en malla eslabonada y todos los elementos eléctricos necesarios para su correcto funcionamiento)	UN	196438343.659188					0.31	sin referencia
RED DE ALUMBRADO PÚBLICO	Suministro e instalación de Barraje preformado de B.T. para fusibles limitadores de corriente de cable de 6 salidas según norma AP820	UN	1474887.56377866					0.27	sin referencia
RED DE ALUMBRADO PÚBLICO	Suministro e instalación de tuberia 2Ф3" TDP (incluye excavación, retiro de escombros y relleno)	ML	174404.481476632					0.53	sin referencia
RED DE ALUMBRADO PÚBLICO	Suministro e instalación de cable 4x4 THW Al	ML	34491.8758567687					0.5	sin referencia
RED DE ALUMBRADO PÚBLICO	Suministro e instalación de alambre 2x12 AWG-THW (Acometida para luminarias)	ML	11926.5770462529					0.5	sin referencia
RED DE ALUMBRADO PÚBLICO	Suministro e instalación de empalmes en resina (Juegox2)	JG	338195.731257832					0	sin referencia
RED DE ALUMBRADO PÚBLICO	Suministro e instalación de malla a tierra de iluminación exterior conformada por 1 Varilla copper de 2.4 m, soldadura exotérmica, 1 Empalme bimetálico y 1 m de Cable de Cobre 2/0 AWG	UN	436629.767988621					0.44	sin referencia
INDICADORES RED DE ALUMBRADO PÚBLICO	Indicador de red de alumbrado público parques	M2	29726.4785848146					0.2	sin referencia
RED DE MEDIA TENSIÓN	Retiro y transporte de poste de 12m 510kgF	UN	495459.655164225					0.4	sin referencia
RED DE ACUEDUCTO	Suministro tubería PVC presión Ø1"	ML	9728	TUBERIA CONDUIT PVC D=1" (INCLUYE SUMINISTRO E INSTALACIÓN)	ML	9728	1	0.67	ok
RED DE ACUEDUCTO	Suministro tubería PVC presión Ø2"	ML	21606	TUBERIA CONDUIT PVC D=1" (INCLUYE SUMINISTRO E INSTALACIÓN)	ML	9728	2.22	0.67	caro frente a IDU
RED DE ACUEDUCTO	Suministro tubería PVC presión Ø3"	ML	31829	TUBERIA CONDUIT PVC D=1" (INCLUYE SUMINISTRO E INSTALACIÓN)	ML	9728	3.27	0.67	caro frente a IDU
RED DE ACUEDUCTO	Suministro tubería PVC presión Ø4"	ML	46152	TUBERIA CONDUIT PVC D=1" (INCLUYE SUMINISTRO E INSTALACIÓN)	ML	9728	4.74	0.67	caro frente a IDU
RED DE ACUEDUCTO	Suministro tubería PVC presión Ø6"	ML	93174	TUBERIA CONDUIT PVC D=1" (INCLUYE SUMINISTRO E INSTALACIÓN)	ML	9728	9.58	0.67	caro frente a IDU
RED DE ACUEDUCTO	Suministro tubería PVC presión Ø8"	ML	160366	TUBERIA CONDUIT PVC D=1" (INCLUYE SUMINISTRO E INSTALACIÓN)	ML	9728	16.48	0.67	caro frente a IDU
RED DE ACUEDUCTO	Suministro tubería PVC presión Ø10"	ML	242906	TUBERÍA PVC SANITARIA D=10" TIPO U.S. (Incluye suministro e instalación)	ML	242906	1	0.73	ok
RED DE ACUEDUCTO	Suministro tubería PVC presión Ø12"	ML	533659	TUBERIA PVC D=12" TIPO U.M. RDE 21 (SUMINISTRO E INSTALACIÓN)	ML	533659	1	0.67	ok
RED DE ACUEDUCTO	Suministro tubería y piezas especiales HD Ø4"	ML	339200					0.44	sin referencia
RED DE ACUEDUCTO	Instalación tubería PVC presión Ø1"	ML	2541.76357140814	TUBERIA CONDUIT PVC D=1" (INCLUYE SUMINISTRO E INSTALACIÓN)	ML	9728	0.26	0.67	BARATO frente a IDU
RED DE ACUEDUCTO	Instalación tubería PVC presión Ø2"	ML	5083.52714281628	TUBERIA CONDUIT PVC D=1" (INCLUYE SUMINISTRO E INSTALACIÓN)	ML	9728	0.52	0.67	BARATO frente a IDU
RED DE ACUEDUCTO	Instalación tubería PVC presión Ø3"	ML	7625.29071422442	TUBERIA CONDUIT PVC D=1" (INCLUYE SUMINISTRO E INSTALACIÓN)	ML	9728	0.78	0.67	ok
RED DE ACUEDUCTO	Instalación tubería PVC presión Ø4"	ML	10167.0542856326	TUBERIA CONDUIT PVC D=1" (INCLUYE SUMINISTRO E INSTALACIÓN)	ML	9728	1.05	0.67	ok
RED DE ACUEDUCTO	Instalación tubería PVC presión Ø6"	ML	15250.5814284488	TUBERIA CONDUIT PVC D=1" (INCLUYE SUMINISTRO E INSTALACIÓN)	ML	9728	1.57	0.67	ok
RED DE ACUEDUCTO	Instalación tubería PVC presión Ø8"	ML	20334.1085712651	TUBERIA CONDUIT PVC D=1" (INCLUYE SUMINISTRO E INSTALACIÓN)	ML	9728	2.09	0.67	caro frente a IDU
RED DE ACUEDUCTO	Instalación tubería PVC presión Ø10"	ML	25417.6357140814	TUBERÍA PVC SANITARIA D=10" TIPO U.S. (Incluye suministro e instalación)	ML	242906	0.1	0.73	BARATO frente a IDU
RED DE ACUEDUCTO	Instalación tubería PVC presión Ø12"	ML	30501.1628568977	TUBERIA PVC D=12" TIPO U.M. RDE 21 (SUMINISTRO E INSTALACIÓN)	ML	533659	0.06	0.67	BARATO frente a IDU
RED DE ACUEDUCTO	Instalación tubería y piezas especiales HD Ø4"	ML	127200					0.44	sin referencia
RED DE ACUEDUCTO	Construcción y conexión de acometida Ø1"	UN	1590000					0.33	sin referencia
RED DE ACUEDUCTO	Construcción y conexión de acometida Ø2"	UN	2120000					0.33	sin referencia
RED DE ACUEDUCTO	Construcción y conexión de acometida Ø3"	UN	2650000					0.33	sin referencia
RED DE ACUEDUCTO	Construcción y conexión de acometida Ø4"	UN	3392000					0.33	sin referencia
RED DE ACUEDUCTO	Acometida domiciliaria Ø1/2" con collar Ø4" y cajilla de medidor	UN	2332000					0.5	sin referencia
RED DE ACUEDUCTO	Codo 11,25° según diámetro	UN	901000					0.55	sin referencia
RED DE ACUEDUCTO	Codo 22,5° según diámetro	UN	1060000					0.44	sin referencia
RED DE ACUEDUCTO	Codo 45° según diámetro	UN	1166000					0.5	sin referencia
RED DE ACUEDUCTO	Codo 90° según diámetro	UN	1325000					0.5	sin referencia
RED DE ACUEDUCTO	Tee igual o reducida según diámetros	UN	1696000					0.44	sin referencia
RED DE ACUEDUCTO	Reducción concéntrica según diámetros	UN	1272000					0.5	sin referencia
RED DE ACUEDUCTO	Tapón según diámetro	UN	477000					0.33	sin referencia
RED DE ACUEDUCTO	Unión Dresser / unión de reparación	UN	3180000	UNION DRESSER D=3" (SUMINISTRO E INSTALACIÓN)	UN	239492	13.28	0.75	caro frente a IDU
RED DE ACUEDUCTO	Niples, pasamuros, bridas y piezas especiales	UN	2120000					0.15	sin referencia
RED DE ACUEDUCTO	Anclaje de concreto para accesorios	UN	689000					0.25	sin referencia
RED DE ACUEDUCTO	Cárcamo o placa de protección para tubería (Red de acueducto)	UN	9010000					0.18	sin referencia
RED DE ACUEDUCTO	Tubería de acero al carbón SCH 40 Ø4"	ML	445200	TUBERIA ACERO CARBON ASTM A=53 SCH 40 DE D=12", SUMINISTRO E INSTALACION. (INCLUYE TRANSPORTE).	ML	871759	0.51	0.62	BARATO frente a IDU
RED DE ACUEDUCTO	Válvula de compuerta Ø4"	UN	3038072					0.5	sin referencia
RED DE ACUEDUCTO	Válvula de compuerta Ø6"	UN	2247570					0.5	sin referencia
RED DE ACUEDUCTO	Válvula de compuerta Ø8"	UN	3785326					0.5	sin referencia
RED DE ACUEDUCTO	Válvula de compuerta Ø12"	UN	7593696					0.46	sin referencia
RED DE ACUEDUCTO	Válvula ventosa	UN	7420000					0.33	sin referencia
RED DE ACUEDUCTO	Válvula de purga	UN	5300000					0.33	sin referencia
RED DE ACUEDUCTO	Válvula de cierre permanente VCP	UN	10619048					0.35	sin referencia
RED DE ACUEDUCTO	Caja convencional para válvula	UN	1010000					0.4	sin referencia
RED DE ACUEDUCTO	Caja estructural para válvula Ø12"	UN	37100000					0.38	sin referencia
RED DE ACUEDUCTO	Hidrante de torre Ø4"	UN	7420000					0.22	sin referencia
RED DE ACUEDUCTO	Válvula de pie y accesorios para hidrante	UN	2120000					0.36	sin referencia
RED DE ACUEDUCTO	Kit de nivelación para hidrante de tráfico	UN	530000	HIDRANTE EXTREMO BRIDA D=4" TIPO TRÁFICO (SUMINISTRO E INSTALACIÓN. NO INCLUYE KIT DE NIVELACIÓN)	UN	6261344	0.08	0.67	BARATO frente a IDU
RED DE ACUEDUCTO	Obra civil VRP asimétrica costado norte	UN	159000000					0.15	sin referencia
RED DE ACUEDUCTO	Equipamiento hidromecánico VRP costado norte	UN	371000000					0.09	sin referencia
RED DE ACUEDUCTO	Obra civil VRP simétrica costado sur	UN	159000000					0.15	sin referencia
RED DE ACUEDUCTO	Equipamiento hidromecánico VRP costado sur	UN	371000000					0.08	sin referencia
RED DE ACUEDUCTO	Localización y replanteo topográfico	ML	4770					0	sin referencia
RED DE ACUEDUCTO	Excavación manual en material común	M3	58471	EXCAVACION MANUAL EN MATERIAL COMUN. INCLUYE CARGUE.	M3	58471	1	0.89	ok
RED DE ACUEDUCTO	Excavación mecánica en material común	M3	117926	EXCAVACIÓN MECÁNICA EN MATERIAL COMÚN (INCLUYE CARGUE)	M3	5998	19.66	0.89	caro frente a IDU
RED DE ACUEDUCTO	Excavación en conglomerado	M3	79500					0.4	sin referencia
RED DE ACUEDUCTO	Cargue, transporte y disposición de sobrantes	M3	117926	DEMOLICION PAVIMENTO ASFALTICO (INCLUYE CARGUE). NO INCLUYE TRANSPORTE Y DISPOSICIÓN FINAL DE SOBRANTES.	M3	43555	2.71	0.67	caro frente a IDU
RED DE ACUEDUCTO	Cama y atraque en arena de peña	M3	166177					0.33	sin referencia
RED DE ACUEDUCTO	Relleno inicial alrededor de tubería	M3	102398					0.2	sin referencia
RED DE ACUEDUCTO	Relleno con material seleccionado de excavación	M3	48122	RELLENO EN MATERIAL SELECCIONADO PROVENIENTE DE LA EXCAVACIÓN (EXTENDIDO MANUAL, HUMEDECIMIENTO Y COMPACTACIÓN)	M3	48122	1	0.62	ok
RED DE ACUEDUCTO	Relleno y conformación con recebo	M3	102398					0.31	sin referencia
RED DE ACUEDUCTO	Geotextil NT 1600	M2	7973.6721444924					0.15	sin referencia
RED DE ACUEDUCTO	Entibado temporal de zanja	M2	52205					0.29	sin referencia
RED DE ACUEDUCTO	Manejo y agotamiento de aguas	DÍA	848000					0	sin referencia
RED DE ACUEDUCTO	Cinta preventiva para red	ML	508.013338690341					0.27	sin referencia
RED DE ACUEDUCTO	Demolición de pavimento flexible	M2	58300	REHABILITACIÓN DE PAVIMENTO FLEXIBLE E= 0.12M	M2	351451	0.17	0.57	BARATO frente a IDU
RED DE ACUEDUCTO	Reposición de pavimento flexible y estructura	M2	477000	FRESADO Y REPOSICIÓN DE PAVIMENTO FLEXIBLE E=0.12M	M2	188913	2.52	0.67	caro frente a IDU
RED DE ACUEDUCTO	Demolición y reposición de andén	M2	212000					0.29	sin referencia
RED DE ACUEDUCTO	Empate a red existente Ø4"	UN	8480000					0.29	sin referencia
RED DE ACUEDUCTO	Empate a red existente Ø6"	UN	10600000					0.29	sin referencia
RED DE ACUEDUCTO	Empate a red existente Ø10"	UN	15900000					0.25	sin referencia
RED DE ACUEDUCTO	Empate a red existente Ø12"	UN	21200000					0.25	sin referencia
RED DE ACUEDUCTO	Empate mediante tee	UN	12720000					0.29	sin referencia
RED DE ACUEDUCTO	Conexión especial Ø6" × Ø12"	UN	9697831					0.25	sin referencia
RED DE ACUEDUCTO	Retiro de red existente	ML	4120					0.44	sin referencia
RED DE ACUEDUCTO	Taponamiento o abandono de red existente	UN	2120000					0.25	sin referencia
RED DE ACUEDUCTO	Prueba hidrostática, lavado y desinfección	ML	19893.1469227118					0.08	sin referencia
RED DE ACUEDUCTO	Pruebas de válvulas, hidrantes y ventosas	UN	159000					0.14	sin referencia
RED DE ACUEDUCTO	Planos récord y levantamiento final (Red de acueducto)	GB	37100000					0	sin referencia
RED DE ACUEDUCTO	Manual de operación, entrega y puesta en servicio	GB	21200000					0	sin referencia
RED DE ALCANTARILLADO SANITARIO	Suministro tubería PVC flexible Ø8"	UN	448151.710771605					0.5	sin referencia
RED DE ALCANTARILLADO SANITARIO	Suministro tubería PVC flexible Ø10"	UN	654546.724141644	UNION PVC TIPO U.M. D= 10" (SUMINISTRO E INSTALACIÓN)	UN	812081	0.81	0.6	ok
RED DE ALCANTARILLADO SANITARIO	Suministro tubería PVC flexible Ø12"	UN	941852.756323293	UNION PVC TIPO U.M. D= 12" (SUMINISTRO E INSTALACIÓN)	UN	1249210	0.75	0.6	ok
RED DE ALCANTARILLADO SANITARIO	Suministro tubería PVC flexible Ø14"	UN	1411491.65208809					0.44	sin referencia
RED DE ALCANTARILLADO SANITARIO	Suministro tubería PVC flexible Ø16"	UN	1726406.78612671					0.44	sin referencia
RED DE ALCANTARILLADO SANITARIO	Suministro tubería PVC flexible Ø18"	UN	2229654.29142004					0.44	sin referencia
RED DE ALCANTARILLADO SANITARIO	Suministro tubería PVC flexible Ø24"	UN	3983204.5312494					0.44	sin referencia
RED DE ALCANTARILLADO SANITARIO	Suministro tubería PVC flexible Ø30"	UN	5951739.38991858					0.44	sin referencia
RED DE ALCANTARILLADO SANITARIO	Instalación tubería PVC flexible Ø8"	ML	28467.7519997712	TUBERIA CONDUIT PVC D=1" (INCLUYE SUMINISTRO E INSTALACIÓN)	ML	9728	2.93	0.67	caro frente a IDU
RED DE ALCANTARILLADO SANITARIO	Instalación tubería PVC flexible Ø10"	ML	35584.689999714	TUBERÍA PVC SANITARIA D=10" TIPO U.S. (Incluye suministro e instalación)	ML	242906	0.15	0.73	BARATO frente a IDU
RED DE ALCANTARILLADO SANITARIO	Instalación tubería PVC flexible Ø12"	ML	42701.6279996568	TUBERIA PVC D=12" TIPO U.M. RDE 21 (SUMINISTRO E INSTALACIÓN)	ML	533659	0.08	0.67	BARATO frente a IDU
RED DE ALCANTARILLADO SANITARIO	Instalación tubería PVC flexible Ø14"	ML	49818.5659995995	TUBERIA PVC D=14" TIPO U.M. RDE 21 (SUMINISTRO E INSTALACIÓN)	ML	641522	0.08	0.67	BARATO frente a IDU
RED DE ALCANTARILLADO SANITARIO	Instalación tubería PVC flexible Ø16"	ML	56935.5039995423	TUBERIA CONDUIT PVC D=1" (INCLUYE SUMINISTRO E INSTALACIÓN)	ML	9728	5.85	0.6	caro frente a IDU
RED DE ALCANTARILLADO SANITARIO	Instalación tubería PVC flexible Ø18"	ML	64052.4419994851	TUBERIA CONDUIT PVC D=1" (INCLUYE SUMINISTRO E INSTALACIÓN)	ML	9728	6.58	0.6	caro frente a IDU
RED DE ALCANTARILLADO SANITARIO	Instalación tubería PVC flexible Ø24"	ML	85403.2559993135	TUBERIA CONDUIT PVC D=1" (INCLUYE SUMINISTRO E INSTALACIÓN)	ML	9728	8.78	0.6	caro frente a IDU
RED DE ALCANTARILLADO SANITARIO	Instalación tubería PVC flexible Ø30"	ML	106754.069999142	TUBERIA CONDUIT PVC D=1" (INCLUYE SUMINISTRO E INSTALACIÓN)	ML	9728	10.97	0.6	caro frente a IDU
RED DE ALCANTARILLADO SANITARIO	Excavación manual complementaria	M3	58471					0.5	sin referencia
RED DE ALCANTARILLADO SANITARIO	Cimentación de tubería modelo 4	ML	148400					0.33	sin referencia
RED DE ALCANTARILLADO SANITARIO	Cimentación de tubería modelo 4.1	ML	190800					0.33	sin referencia
RED DE ALCANTARILLADO SANITARIO	Relleno y conformación con granular/recebo B-400	M3	136342.969376722					0.43	sin referencia
RED DE ALCANTARILLADO SANITARIO	Entibado continuo E-1A, H≤2,00 m	M2	52205					0.33	sin referencia
RED DE ALCANTARILLADO SANITARIO	Entibado continuo E-1B, 2,00<H≤3,00 m	M2	95400					0.31	sin referencia
RED DE ALCANTARILLADO SANITARIO	Entibado E-2, H>3,00 m	M2	125356.271004673					0.33	sin referencia
RED DE ALCANTARILLADO SANITARIO	Manejo, bombeo y agotamiento de aguas	DÍA	1590000					0	sin referencia
RED DE ALCANTARILLADO SANITARIO	Cárcamo o placa de protección para tubería (Red de alcantarillado sanitario)	UN	12720000					0.19	sin referencia
RED DE ALCANTARILLADO SANITARIO	Base de pozo de inspección	UN	1908000					0.44	sin referencia
RED DE ALCANTARILLADO SANITARIO	Cañuela y acabado interior de pozo	UN	954000					0.22	sin referencia
RED DE ALCANTARILLADO SANITARIO	Anillo/cilindro prefabricado de pozo	ML	1916374.23154609					0.22	sin referencia
RED DE ALCANTARILLADO SANITARIO	Cono de reducción para pozo	UN	1272000					0.29	sin referencia
RED DE ALCANTARILLADO SANITARIO	Marco y tapa de pozo	UN	1590000					0.44	sin referencia
RED DE ALCANTARILLADO SANITARIO	Pasos o escalera de acceso	UN	106000					0.22	sin referencia
RED DE ALCANTARILLADO SANITARIO	Adecuación y conexión a pozo existente	UN	2120000					0.25	sin referencia
RED DE ALCANTARILLADO SANITARIO	Demolición de pozo existente	UN	848000.854594823	DEMOLICION SUMIDERO EXISTENTE (INCLUYE CARGUE)	UN	201905	4.2	0.57	caro frente a IDU
RED DE ALCANTARILLADO SANITARIO	Construcción de conexión domiciliaria sanitaria Ø8"	UN	1272000					0.29	sin referencia
RED DE ALCANTARILLADO SANITARIO	Empate de domiciliaria a pozo o colector	UN	848000					0.29	sin referencia
RED DE ALCANTARILLADO SANITARIO	Accesorios de conexión domiciliaria	UN	530000					0.33	sin referencia
RED DE ALCANTARILLADO SANITARIO	Conexión de tramo existente a pozo nuevo	UN	1226359					0.24	sin referencia
RED DE ALCANTARILLADO SANITARIO	Empate a colector sanitario existente	UN	3180000					0.25	sin referencia
RED DE ALCANTARILLADO SANITARIO	Taponamiento de colector abandonado con mampostería	UN	2120000					0.14	sin referencia
RED DE ALCANTARILLADO SANITARIO	Retiro/demolición de tubería existente	ML	424000					0.55	sin referencia
RED DE ALCANTARILLADO SANITARIO	Abandono controlado de tubería existente	ML	106000					0.36	sin referencia
RED DE ALCANTARILLADO SANITARIO	Manejo provisional o bypass de aguas residuales	DÍA	1590000					0	sin referencia
RED DE ALCANTARILLADO SANITARIO	Limpieza interna de tubería y pozos	ML	10600					0.29	sin referencia
RED DE ALCANTARILLADO SANITARIO	Inspección CCTV	ML	15500					0.4	sin referencia
RED DE ALCANTARILLADO SANITARIO	Verificación de cotas y pendientes	ML	5300					0	sin referencia
RED DE ALCANTARILLADO SANITARIO	Plan de manejo de tránsito y señalización	ML	100612.152505191					0.2	sin referencia
RED DE ALCANTARILLADO SANITARIO	Planos récord y levantamiento final (Red de alcantarillado sanitario)	GB	42400000					0	sin referencia
RED DE ALCANTARILLADO SANITARIO	Manual, entrega y puesta en servicio	GB	21200000					0	sin referencia
RED DE ACUEDUCTO	Codo 11,25° Ø4"	UN	311640	CODO G.RAD. PVC 11.25° TIPO U.M. D=2" (SUMINISTRO E INSTALACIÓN)	UN	54400	5.73	0.6	caro frente a IDU
RED DE ACUEDUCTO	Codo 11,25° Ø6"	UN	304534	CODO G.RAD. PVC 11.25° TIPO U.M. D=2" (SUMINISTRO E INSTALACIÓN)	UN	54400	5.6	0.6	caro frente a IDU
RED DE ACUEDUCTO	Codo 11,25° Ø8"	UN	606781	CODO G.RAD. PVC 11.25° TIPO U.M. D=2" (SUMINISTRO E INSTALACIÓN)	UN	54400	11.15	0.6	caro frente a IDU
RED DE ACUEDUCTO	Codo 11,25° Ø12"	UN	1690591	CODO G.RAD. PVC 11.25° TIPO U.M. D=12" (SUMINISTRO E INSTALACIÓN)	UN	1690591	1	0.67	ok
RED DE ACUEDUCTO	Codo 22,5° Ø6"	UN	338771					0.5	sin referencia
RED DE ACUEDUCTO	Codo 22,5° Ø8"	UN	703493					0.5	sin referencia
RED DE ACUEDUCTO	Codo 22,5° Ø12"	UN	2095131	CODO G.RAD. PVC 22.5° TIPO U.M. D=12" (SUMINISTRO E INSTALACIÓN)	UN	2095131	1	0.6	ok
RED DE ACUEDUCTO	Codo 45° Ø6"	UN	328958	CODO PVC 45° D=1 1/2" (SUMINISTRO E INSTALACIÓN)	UN	19997	16.45	0.57	caro frente a IDU
RED DE ACUEDUCTO	Codo 45° Ø8"	UN	898567	CODO PVC 45° D=1 1/2" (SUMINISTRO E INSTALACIÓN)	UN	19997	44.94	0.57	caro frente a IDU
RED DE ACUEDUCTO	Codo 45° Ø12"	UN	2673808	CODO G.RAD. PVC 45º TIPO U.M. D=12" (SUMINISTRO E INSTALACIÓN)	UN	2673808	1	0.6	ok
RED DE ACUEDUCTO	Codo 90° Ø6"	UN	376664	CODO 90° CPVC TIPO E.L. Ø 1/2". SUMINISTRO E INSTALACIÓN.	UN	8950	42.09	0.57	caro frente a IDU
RED DE ACUEDUCTO	Codo 90° Ø8"	UN	1342870	CODO 90° CPVC TIPO E.L. Ø 1/2". SUMINISTRO E INSTALACIÓN.	UN	8950	150.04	0.57	caro frente a IDU
RED DE ACUEDUCTO	Codo 90° Ø12"	UN	1716140	CODO G.RAD. PVC 90º TIPO U.M. D=12" (SUMINISTRO E INSTALACIÓN)	UN	3937485	0.44	0.6	BARATO frente a IDU
RED DE ACUEDUCTO	Tee Ø6" × Ø1"	UN	754720					0.4	sin referencia
RED DE ACUEDUCTO	Tee Ø6" × Ø2"	UN	758258					0.4	sin referencia
RED DE ACUEDUCTO	Tee Ø6" × Ø4"	UN	1926775					0.4	sin referencia
RED DE ACUEDUCTO	Tee Ø6" × Ø6"	UN	752605					0.4	sin referencia
RED DE ACUEDUCTO	Tee Ø8" × Ø2"	UN	1117192					0.4	sin referencia
RED DE ACUEDUCTO	Tee Ø8" × Ø4"	UN	1257160					0.4	sin referencia
RED DE ACUEDUCTO	Tee Ø8" × Ø6"	UN	1380120					0.4	sin referencia
RED DE ACUEDUCTO	Tee Ø8" × Ø8"	UN	1505200					0.4	sin referencia
RED DE ACUEDUCTO	Tee Ø10" × Ø8"	UN	1878320					0.4	sin referencia
RED DE ACUEDUCTO	Tee Ø12" × Ø4"	UN	1992800					0.5	sin referencia
RED DE ACUEDUCTO	Tee Ø12" × Ø6"	UN	2129540					0.5	sin referencia
RED DE ACUEDUCTO	Tee Ø12" × Ø8"	UN	2268400					0.5	sin referencia
RED DE ACUEDUCTO	Tee Ø12" × Ø12"	UN	5065423	TEE PVC U.M. 12" X 12" (SUMINISTRO E INSTALACIÓN)	UN	5065423	1	0.67	ok
RED DE ACUEDUCTO	Reducción concéntrica Ø4" × Ø2"	UN	822560	REDUCCIÓN CONCENTRICA HD EL 4" X 3". SUMINISTRO E INSTALACIÓN.	UN	282870	2.91	0.57	caro frente a IDU
RED DE ACUEDUCTO	Reducción concéntrica Ø4" × Ø3"	UN	1005940	REDUCCIÓN CONCENTRICA HD EL 4" X 3". SUMINISTRO E INSTALACIÓN.	UN	282870	3.56	0.57	caro frente a IDU
RED DE ACUEDUCTO	Reducción concéntrica Ø6" × Ø2"	UN	1195680	REDUCCIÓN CONCENTRICA HD EL 4" X 3". SUMINISTRO E INSTALACIÓN.	UN	282870	4.23	0.57	caro frente a IDU
RED DE ACUEDUCTO	Reducción concéntrica Ø6" × Ø4"	UN	1598480	REDUCCIÓN CONCENTRICA HD EL 4" X 3". SUMINISTRO E INSTALACIÓN.	UN	282870	5.65	0.57	caro frente a IDU
RED DE ACUEDUCTO	Reducción concéntrica Ø8" × Ø4"	UN	2026720	REDUCCIÓN CONCENTRICA HD EL 4" X 3". SUMINISTRO E INSTALACIÓN.	UN	282870	7.16	0.57	caro frente a IDU
RED DE ACUEDUCTO	Reducción concéntrica Ø8" × Ø6"	UN	2476160	REDUCCIÓN CONCENTRICA HD EL 4" X 3". SUMINISTRO E INSTALACIÓN.	UN	282870	8.75	0.57	caro frente a IDU
RED DE ACUEDUCTO	Reducción concéntrica Ø12" × Ø8"	UN	3936840	REDUCCION CONCENTRICA HD 12"X6" (SUMINISTRO E INSTALACIÓN)	UN	1748855	2.25	0.6	caro frente a IDU
RED DE ACUEDUCTO	Tapón Ø1"	UN	98580					0.4	sin referencia
RED DE ACUEDUCTO	Tapón Ø2"	UN	227900					0.4	sin referencia
RED DE ACUEDUCTO	Tapón Ø3"	UN	369940					0.4	sin referencia
RED DE ACUEDUCTO	Tapón Ø4"	UN	522580					0.4	sin referencia
RED DE ACUEDUCTO	Tapón Ø6"	UN	850120					0.4	sin referencia
RED DE ACUEDUCTO	Tapón Ø8"	UN	897197					0.4	sin referencia
RED DE ACUEDUCTO	Tapón Ø12"	UN	1738875					0.4	sin referencia
RED DE ACUEDUCTO	Unión Ø12"	UN	3180000	UNION GIBAULT D=12" (SUMINISTRO E INSTALACIÓN)	UN	1041325	3.05	0.57	caro frente a IDU
RED DE ACUEDUCTO	Unión de reparación según diámetro	UN	3180000					0.5	sin referencia
RED DE ACUEDUCTO	Empate en tee Ø6" × Ø6"	UN	13389920					0.33	sin referencia
RED DE ACUEDUCTO	Empate en tee Ø8" × Ø2"	UN	10563960					0.33	sin referencia
RED DE ACUEDUCTO	Empate en tee Ø8" × Ø6"	UN	16361100					0.33	sin referencia
RED DE MEDIA TENSIÓN	Replanteo, localización y coordinación de la red de media tensión	GB	21200000					0	sin referencia
RED DE MEDIA TENSIÓN	Señalización y plan de manejo de tránsito para frentes de red MT	GB	37100000					0	sin referencia
RED DE MEDIA TENSIÓN	Excavación para canalización MT, incluye cargue	M3	118952					0.5	sin referencia
RED DE MEDIA TENSIÓN	Relleno en arena limpia para protección de ductos	M3	267915					0.31	sin referencia
RED DE MEDIA TENSIÓN	Relleno y compactación con base granular clase B	M3	255369	BASE GRANULAR CLASE A (BG_A) (SUMINISTRO, EXTENDIDO MANUAL, HUMEDECIMIENTO Y COMPACTACIÓN)	M3	255369	1	0.57	ok
RED DE MEDIA TENSIÓN	Transporte y disposición final de sobrantes	M3	106000	DEMOLICION PAVIMENTO ASFALTICO (INCLUYE CARGUE). NO INCLUYE TRANSPORTE Y DISPOSICIÓN FINAL DE SOBRANTES.	M3	43555	2.43	0.67	caro frente a IDU
RED DE MEDIA TENSIÓN	Reposición de pavimento, andén o zona dura afectada	M2	265000					0.36	sin referencia
RED DE MEDIA TENSIÓN	Suministro e instalación de banco de ductos PVC-TDP 4Ø6"	ML	276443	8 DUCTOS D=4" PVC-TDP (INCLUYE SUMINISTRO E INSTALACIÓN)	ML	248532	1.11	0.91	ok
RED DE MEDIA TENSIÓN	Suministro e instalación de banco de ductos PVC-TDP 6Ø6"	ML	649111	8 DUCTOS D=4" PVC-TDP (INCLUYE SUMINISTRO E INSTALACIÓN)	ML	248532	2.61	0.91	caro frente a IDU
RED DE MEDIA TENSIÓN	Suministro e instalación de banco de ductos PVC-TDP 12Ø6"	ML	649111	12 DUCTOS D=4" PVC-TDP (INCLUYE SUMINISTRO E INSTALACIÓN. NO INCLUYE RELLENOS)	ML	360330	1.8	0.86	caro frente a IDU
RED DE MEDIA TENSIÓN	Suministro e instalación de banco de ductos PVC-TDP 9Ø6"	ML	649111	8 DUCTOS D=4" PVC-TDP (INCLUYE SUMINISTRO E INSTALACIÓN)	ML	248532	2.61	0.91	caro frente a IDU
RED DE MEDIA TENSIÓN	Bajante o transición en tubería conduit IMC Ø6"	UN	3445000					0.33	sin referencia
RED DE MEDIA TENSIÓN	Cinta de señalización para red de media tensión	ML	1696					0.36	sin referencia
RED DE MEDIA TENSIÓN	Limpieza, mandrilado y verificación de ductos MT	ML	12720					0.2	sin referencia
RED DE MEDIA TENSIÓN	Construcción de caja de inspección doble norma CS276	UN	3981431					0.43	sin referencia
RED DE MEDIA TENSIÓN	Construcción de cárcamo de protección para red MT en cruce	ML	596971					0.31	sin referencia
RED DE MEDIA TENSIÓN	Suministro cable 3x120 mm² Al XLPE 15 kV	ML	229288	CABLE DE 3X20 XLPE-15-KV-AL (INCLUYE SUMINISTRO E INSTALACIÓN)	ML	229288	1	0.71	ok
RED DE MEDIA TENSIÓN	Tendido, conexionado e identificación cable 3x120 mm² Al XLPE 15 kV	ML	53000					0.5	sin referencia
RED DE MEDIA TENSIÓN	Suministro cable 3x185 mm² Al XLPE 15 kV	ML	229288	CABLE DE 3X20 XLPE-15-KV-AL (INCLUYE SUMINISTRO E INSTALACIÓN)	ML	229288	1	0.71	ok
RED DE MEDIA TENSIÓN	Tendido, conexionado e identificación cable 3x185 mm² Al XLPE 15 kV	ML	68377					0.5	sin referencia
RED DE MEDIA TENSIÓN	Suministro cable 3x240 mm² Al XLPE 15 kV	ML	229288	CABLE DE 3X20 XLPE-15-KV-AL (INCLUYE SUMINISTRO E INSTALACIÓN)	ML	229288	1	0.71	ok
RED DE MEDIA TENSIÓN	Tendido, conexionado e identificación cable 3x240 mm² Al XLPE 15 kV	ML	84800					0.5	sin referencia
RED DE MEDIA TENSIÓN	Juego de terminales premoldeados 15 kV para cable MT	JG	8480000					0	sin referencia
RED DE MEDIA TENSIÓN	Empalme premoldeado 15 kV	JG	10600000					0	sin referencia
RED DE MEDIA TENSIÓN	Celda MT SF6 17,5 kV - 630 A norma CTS508	UN	28194007					0.16	sin referencia
RED DE MEDIA TENSIÓN	Fusible limitador de corriente norma CTS507	UN	1590000					0.12	sin referencia
RED DE MEDIA TENSIÓN	Caja de maniobra pedestal de 5 vías ET512 Fig. 4	UN	106000000					0.24	sin referencia
RED DE MEDIA TENSIÓN	Caja de maniobra pedestal de 3 vías ET512 Fig. 1	UN	79500000					0.24	sin referencia
RED DE MEDIA TENSIÓN	Suministro e instalación CDMT-7, 1 entrada, 1 salida y 2 derivaciones	UN	180200000	SALIDA PARA ILUMINACIÓN (SUMINISTRO E INSTALACIÓN)	UN	56562	3185.88	0.6	caro frente a IDU
RED DE MEDIA TENSIÓN	Retiro controlado de barraje preformado B-2 existente	UN	5300000					0.25	sin referencia
RED DE MEDIA TENSIÓN	Suministro e instalación transformador trifásico tipo aceite 30 kVA, 11,4 kV / 208-120 V	UN	42400000	TRANSFORMADOR TIPO PEDESTAL PARA AP DE 45 KVA 11.4/0.208-0.120 KV EN ACEITE VEGETAL (INCLUYE SUMINISTRO E INSTALACIÓN).	UN	6694730	6.33	0.75	caro frente a IDU
RED DE MEDIA TENSIÓN	Suministro e instalación transformador trifásico tipo aceite 45 kVA, 11,4 kV / 208-120 V	UN	46640000	TRANSFORMADOR TIPO PEDESTAL PARA AP DE 45 KVA 11.4/0.208-0.120 KV EN ACEITE VEGETAL (INCLUYE SUMINISTRO E INSTALACIÓN).	UN	6694730	6.97	0.83	caro frente a IDU
RED DE MEDIA TENSIÓN	Suministro e instalación transformador trifásico tipo aceite 112,5 kVA, 11,4 kV / 208-120 V	UN	58300000	TRANSFORMADOR TIPO PEDESTAL PARA AP DE 45 KVA 11.4/0.208-0.120 KV EN ACEITE VEGETAL (INCLUYE SUMINISTRO E INSTALACIÓN).	UN	6694730	8.71	0.75	caro frente a IDU
RED DE MEDIA TENSIÓN	Suministro e instalación transformador trifásico tipo aceite 150 kVA, 11,4 kV / 208-120 V	UN	65720000	TRANSFORMADOR TIPO PEDESTAL PARA AP DE 150 KVA 11.4/0.208-0.120 KV EN ACEITE VEGETAL (INCLUYE SUMINISTRO E INSTALACIÓN).	UN	14133951	4.65	0.83	caro frente a IDU
RED DE MEDIA TENSIÓN	Suministro e instalación transformador trifásico tipo aceite 225 kVA, 11,4 kV / 208-120 V	UN	61785163	TRANSFORMADOR SEMISUMERGIBLE 225 KVA 11.4 /0.208-0.120 KV DYN5. (SUMINISTRO E INSTALACIÓN)	UN	61785163	1	0.82	ok
RED DE MEDIA TENSIÓN	Suministro e instalación transformador trifásico tipo aceite 300 kVA, 11,4 kV / 208-120 V	UN	90100000	TRANSFORMADOR TIPO PEDESTAL PARA AP DE 45 KVA 11.4/0.208-0.120 KV EN ACEITE VEGETAL (INCLUYE SUMINISTRO E INSTALACIÓN).	UN	6694730	13.46	0.75	caro frente a IDU
RED DE MEDIA TENSIÓN	Suministro e instalación transformador trifásico tipo aceite 400 kVA, 11,4 kV / 208-120 V	UN	106000000	TRANSFORMADOR TIPO PEDESTAL PARA AP DE 45 KVA 11.4/0.208-0.120 KV EN ACEITE VEGETAL (INCLUYE SUMINISTRO E INSTALACIÓN).	UN	6694730	15.83	0.75	caro frente a IDU
RED DE MEDIA TENSIÓN	Suministro e instalación transformador trifásico tipo aceite 500 kVA, 11,4 kV / 208-120 V	UN	127200000	TRANSFORMADOR TIPO PEDESTAL PARA AP DE 45 KVA 11.4/0.208-0.120 KV EN ACEITE VEGETAL (INCLUYE SUMINISTRO E INSTALACIÓN).	UN	6694730	19	0.75	caro frente a IDU
RED DE MEDIA TENSIÓN	Suministro e instalación transformador trifásico tipo aceite 630 kVA, 11,4 kV / 208-120 V	UN	153700000	TRANSFORMADOR TIPO PEDESTAL PARA AP DE 45 KVA 11.4/0.208-0.120 KV EN ACEITE VEGETAL (INCLUYE SUMINISTRO E INSTALACIÓN).	UN	6694730	22.96	0.75	caro frente a IDU
RED DE MEDIA TENSIÓN	Base, foso de aceite, cerramiento y adecuación civil del centro de transformación	UN	12720000					0.17	sin referencia
RED DE MEDIA TENSIÓN	Sistema de puesta a tierra completo por centro de transformación	UN	8480000					0.36	sin referencia
RED DE MEDIA TENSIÓN	Malla o puesta a tierra para CDMT y cajas de maniobra	UN	6360000					0.5	sin referencia
RED DE MEDIA TENSIÓN	Estructura de transición aérea-subterránea MT en punto de conexión	UN	15900000					0.19	sin referencia
RED DE MEDIA TENSIÓN	Retiro de cable existente 3x120 mm² Al entre Colegio L6 y Supermercado L12	ML	47700					0.24	sin referencia
RED DE MEDIA TENSIÓN	Prueba VLF para circuito de media tensión	UN	3011081					0.18	sin referencia
RED DE MEDIA TENSIÓN	Pruebas, coordinación, energización y recibo por operador de red	GB	31800000					0	sin referencia
RED DE MEDIA TENSIÓN	Planos récord, rotulado e inventario final de red MT	GB	21200000					0	sin referencia
CIMENTACIÓN REDES (ESTUDIO SUELOS AUS-10786-22)	Cimentación de tubería en gravilla (cama y atraque)	M3	149872.75					0.25	sin referencia
RED DE ALCANTARILLADO PLUVIAL	Construcción de cuneta en concreto fundida en sitio	ML	132627					0.35	sin referencia
RED DE ALCANTARILLADO PLUVIAL	Construcción de captación de aguas lluvias	UN	14543853.2322303					0.2	sin referencia
RED DE ALCANTARILLADO PLUVIAL	Alcantarilla rural con cabezales (descole)	UN	37186137.0100324					0	sin referencia
RED DE ALCANTARILLADO PLUVIAL	Conformación de dique del reservorio con material del sitio	M3	23203.0077192135					0.29	sin referencia
RED DE TELECOMUNICACIONES (PPTO 240917)	Canalización banco de ductos TDP PVC 8Ø3" EPM RS1-003	ML	301685.576478172					0.53	sin referencia
RED DE TELECOMUNICACIONES (PPTO 240917)	Canalización banco de ductos TDP PVC 7Ø3" EPM RS1-003	ML	222617.0135125					0.53	sin referencia
RED DE TELECOMUNICACIONES (PPTO 240917)	Canalización banco de ductos TDP PVC 6Ø3" EPM RS1-003	ML	226252.258027543					0.53	sin referencia
RED DE TELECOMUNICACIONES (PPTO 240917)	Canalización banco de ductos TDP PVC 5Ø3" EPM RS1-003	ML	188537.983668445					0.53	sin referencia
RED DE TELECOMUNICACIONES (PPTO 240917)	Cárcamo de protección de ductos ETB	ML	763157.18951					0.36	sin referencia
RED DE TELECOMUNICACIONES (PPTO 240917)	Caja de inspección prefabricada 0,80x0,80 m (incluye base, muros, cubierta y aros)	UN	2861839.4606625					0.43	sin referencia
RED DE TELECOMUNICACIONES (PPTO 240917)	Excavación manual para redes profundidad 0-2 m (incluye cargue)	M3	58471	EXCAVACION MANUAL PARA REDES PROFUNDIDAD 0M - 2M (INCLUYE CARGUE)	M3	58471	1	0.83	ok
RED DE TELECOMUNICACIONES (PPTO 240917)	Relleno para redes en arena de peña	M3	182185	RELLENO PARA REDES EN ARENA DE PEÑA (SUMINISTRO, EXTENDIDO, HUMEDECIMIENTO Y COMPACTACIÓN)	M3	182185	1	0.67	ok
RED DE TELECOMUNICACIONES (PPTO 240917)	Base granular clase B (BG38/BG25) para telecomunicaciones	M3	230570					0.47	sin referencia
RED DE TELECOMUNICACIONES (PPTO 240917)	Sub-base granular clase C para telecomunicaciones	M3	327919.104867578					0.43	sin referencia
RED DE TELECOMUNICACIONES (PPTO 240917)	Transporte y disposición final de escombros (21 km)	M3	69249.0166084375	DESCABECE DE PILOTES (INCLUYE COMPRESOR Y MARTILLO DEMOLEDOR, INCLUYE TRANSPORTE Y DISPOSICIÓN FINAL DE ESCOMBROS EN SITIO AUTORIZADO A 21 KM.	M3	355050	0.2	0.63	BARATO frente a IDU
RED DE ACUEDUCTO	Suministro tubería y piezas especiales HD Ø12"	UN	9200000					0.55	sin referencia
RED DE ACUEDUCTO	Instalación tubería y piezas especiales HD Ø12"	ML	320000					0.55	sin referencia
RED DE ALCANTARILLADO SANITARIO	Suministro tubería PVC flexible Ø6"	UN	340000					0.5	sin referencia
RED DE ALCANTARILLADO SANITARIO	Instalación tubería PVC flexible Ø6"	ML	30000	TUBERIA CONDUIT PVC D=1" (INCLUYE SUMINISTRO E INSTALACIÓN)	ML	9728	3.08	0.67	caro frente a IDU
RED DE ALCANTARILLADO PLUVIAL	Cárcamo o placa de protección para tubería (Red de alcantarillado pluvial)	ML	800000					0.53	sin referencia
RED DE ALCANTARILLADO PLUVIAL	Excavación manual para bioswale/bioretenedor	M3	115000					0.44	sin referencia
RED DE ALCANTARILLADO PLUVIAL	Base de gravilla permeable para bioretenedor	M3	150000					0.29	sin referencia
RED DE ALCANTARILLADO PLUVIAL	Suministro y colocación de gravilla 10-15 mm (capa filtrante)	M3	150000					0.38	sin referencia
RED DE ALCANTARILLADO PLUVIAL	Suministro y colocación de gravilla 25-40 mm (capa drenante)	M3	150000					0.47	sin referencia
RED DE ALCANTARILLADO PLUVIAL	Relleno con material orgánico para bioretenedor	M3	100000					0.31	sin referencia
RED DE ALCANTARILLADO PLUVIAL	Tubería perforada PVC Ø6" para drenaje de bioswale	ML	98731					0.55	sin referencia
RED DE ALCANTARILLADO PLUVIAL	Rejilla de drenaje para bioswale	UN	450000					0.18	sin referencia
RED DE ALCANTARILLADO PLUVIAL	Cabezal de descarga en concreto para tubería Ø12"-Ø16" (incluye aletas y solado)	UN	8500000					0.29	sin referencia
RED DE ALCANTARILLADO PLUVIAL	Cabezal de descarga en concreto para tubería Ø18"-Ø24" (incluye aletas y solado)	UN	12500000					0.29	sin referencia
RED DE ALCANTARILLADO PLUVIAL	Cabezal de descarga en concreto para tubería Ø8"-Ø10" (incluye aletas y solado)	UN	6000000					0.31	sin referencia
RED DE MEDIA TENSIÓN	Construccion de camara de paso MT norma CS280	UN	7500000					0.33	sin referencia
RED DE ALUMBRADO PÚBLICO	Suministro e instalación poste de concreto 14 m. Tipo recto AP  (Incluye ahoyada, hincada y plomada)	UN	3500000					0.5	sin referencia
RED DE ALCANTARILLADO PLUVIAL	Suministro tubería PVC flexible Ø20"	UN	2900000					0.44	sin referencia
RED DE ALCANTARILLADO PLUVIAL	Suministro tubería PVC flexible Ø27"	UN	5000000					0.44	sin referencia
RED DE ALCANTARILLADO PLUVIAL	Instalación tubería PVC flexible Ø20"	ML	72000	TUBERIA CONDUIT PVC D=1" (INCLUYE SUMINISTRO E INSTALACIÓN)	ML	9728	7.4	0.6	caro frente a IDU
RED DE ALCANTARILLADO PLUVIAL	Instalación tubería PVC flexible Ø27"	ML	97000	TUBERIA CONDUIT PVC D=1" (INCLUYE SUMINISTRO E INSTALACIÓN)	ML	9728	9.97	0.6	caro frente a IDU
SUMINISTRO E INSTALACIÓN RED DE ALCANTARILLADO CONCRETO	Suministro tubería en concreto CSR Ø12"	UN	1220000					0.55	sin referencia
SUMINISTRO E INSTALACIÓN RED DE ALCANTARILLADO CONCRETO	Suministro tubería en concreto CSR Ø14"	UN	1370000					0.55	sin referencia
SUMINISTRO E INSTALACIÓN RED DE ALCANTARILLADO CONCRETO	Suministro tubería en concreto CSR Ø18"	UN	2900000					0.55	sin referencia
SUMINISTRO E INSTALACIÓN RED DE ALCANTARILLADO CONCRETO	Suministro tubería en concreto CSR Ø20"	UN	3120000					0.55	sin referencia
SUMINISTRO E INSTALACIÓN RED DE ALCANTARILLADO CONCRETO	Suministro tubería en concreto CSR Ø24"	UN	3700000					0.55	sin referencia
SUMINISTRO E INSTALACIÓN RED DE ALCANTARILLADO CONCRETO	Suministro tubería en concreto CCR Ø24"	UN	3030000					0.55	sin referencia
SUMINISTRO E INSTALACIÓN RED DE ALCANTARILLADO CONCRETO	Suministro tubería en concreto CCR Ø27"	UN	4720000					0.4	sin referencia
SUMINISTRO E INSTALACIÓN RED DE ALCANTARILLADO CONCRETO	Suministro tubería en concreto CCR Ø30"	UN	4960000					0.4	sin referencia
SUMINISTRO E INSTALACIÓN RED DE ALCANTARILLADO CONCRETO	Suministro tubería en concreto CCR Ø36"	UN	6470000					0.4	sin referencia
SUMINISTRO E INSTALACIÓN RED DE ALCANTARILLADO CONCRETO	Suministro tubería en concreto CCR Ø40"	UN	7620000					0.4	sin referencia
SUMINISTRO E INSTALACIÓN RED DE ALCANTARILLADO CONCRETO	Suministro tubería en concreto CER Ø12"	UN	2060000					0.55	sin referencia
SUMINISTRO E INSTALACIÓN RED DE ALCANTARILLADO CONCRETO	Suministro tubería en concreto CER Ø18"	UN	3050000					0.55	sin referencia
SUMINISTRO E INSTALACIÓN RED DE ALCANTARILLADO CONCRETO	Instalación tubería en concreto CSR Ø12"	ML	162873	TUBERIA CONCRETO D=12" CL. I SIN REFUERZO (INCLUYE SUMINISTRO E INSTALACIÓN)	ML	162873	1	0.62	ok
SUMINISTRO E INSTALACIÓN RED DE ALCANTARILLADO CONCRETO	Instalación tubería en concreto CSR Ø14"	ML	194640	TUBERIA CONCRETO D=14" CL. I SIN REFUERZO (INCLUYE SUMINISTRO E INSTALACIÓN)	ML	194640	1	0.62	ok
SUMINISTRO E INSTALACIÓN RED DE ALCANTARILLADO CONCRETO	Instalación tubería en concreto CSR Ø18"	ML	129000	TUBERIA CONCRETO D=18" CL. I SIN REFUERZO (INCLUYE SUMINISTRO E INSTALACIÓN)	ML	315153	0.41	0.62	BARATO frente a IDU
SUMINISTRO E INSTALACIÓN RED DE ALCANTARILLADO CONCRETO	Instalación tubería en concreto CSR Ø20"	ML	143000	TUBERIA CONCRETO D=20" CL. I SIN REFUERZO (INCLUYE SUMINISTRO E INSTALACIÓN)	ML	403869	0.35	0.62	BARATO frente a IDU
SUMINISTRO E INSTALACIÓN RED DE ALCANTARILLADO CONCRETO	Instalación tubería en concreto CSR Ø24"	ML	171000	TUBERIA CONCRETO D=24" CL. I REFORZADO (INCLUYE SUMINISTRO E INSTALACIÓN)	ML	817846	0.21	0.67	BARATO frente a IDU
SUMINISTRO E INSTALACIÓN RED DE ALCANTARILLADO CONCRETO	Instalación tubería en concreto CCR Ø24"	ML	171000	TUBERIA CONCRETO D=24" CL. I REFORZADO (INCLUYE SUMINISTRO E INSTALACIÓN)	ML	817846	0.21	0.67	BARATO frente a IDU
SUMINISTRO E INSTALACIÓN RED DE ALCANTARILLADO CONCRETO	Instalación tubería en concreto CCR Ø27"	ML	193000	TUBERIA CONCRETO D=27" CL. I REFORZADO (INCLUYE SUMINISTRO E INSTALACIÓN)	ML	991864	0.19	0.67	BARATO frente a IDU
SUMINISTRO E INSTALACIÓN RED DE ALCANTARILLADO CONCRETO	Instalación tubería en concreto CCR Ø30"	ML	214000	TUBERIA CONCRETO D=30" CL. IV REFORZADO (INCLUYE SUMINISTRO E INSTALACIÓN)	ML	1478460	0.14	0.62	BARATO frente a IDU
SUMINISTRO E INSTALACIÓN RED DE ALCANTARILLADO CONCRETO	Instalación tubería en concreto CCR Ø36"	ML	257000	TUBERIA CONCRETO D=36" CL. I REFORZADO (INCLUYE SUMINISTRO E INSTALACIÓN)	ML	1512469	0.17	0.67	BARATO frente a IDU
SUMINISTRO E INSTALACIÓN RED DE ALCANTARILLADO CONCRETO	Instalación tubería en concreto CCR Ø40"	ML	285000	TUBERIA CONCRETO D=40" CL. I REFORZADO (INCLUYE SUMINISTRO E INSTALACIÓN)	ML	1874457	0.15	0.67	BARATO frente a IDU
SUMINISTRO E INSTALACIÓN RED DE ALCANTARILLADO CONCRETO	Instalación tubería en concreto CER Ø12"	ML	162873	TUBERIA CONCRETO D=12" CL. I SIN REFUERZO (INCLUYE SUMINISTRO E INSTALACIÓN)	ML	162873	1	0.62	ok
SUMINISTRO E INSTALACIÓN RED DE ALCANTARILLADO CONCRETO	Instalación tubería en concreto CER Ø18"	ML	129000	TUBERIA CONCRETO D=18" CL. I SIN REFUERZO (INCLUYE SUMINISTRO E INSTALACIÓN)	ML	315153	0.41	0.62	BARATO frente a IDU
REDES HIDRAULICAS	Limpieza con equipo vactor (succión-presión) - red pluvial	VIAJE	1785000					0.07	sin referencia
REDES HIDRAULICAS	Reparaciones puntuales de red de alcantarillado etapas 1 y 2 (observaciones EAAB - inspección CCTV)	GB	75000000					0	sin referencia
REDES SECAS	Pago servicios públicos AP3 (6.000.000 por mes)	MES	6000000					0	sin referencia
REDES SECAS	Pago servicios públicos AP4 (6.000.000 por mes)	MES	6000000					0	sin referencia
REDES SECAS	Pago servicios públicos AP5 (6.000.000 por mes)	MES	6000000					0	sin referencia
